nom	fonction_c	taille	appels
AreaActivatePopulationTrigger	005b5f30	30	FUN_0049ee10@0049ee10 FUN_005d8200@005d8200
AreaAddAmbientSpawner	005b6250	159	FUN_004a15b0@004a15b0 FUN_004a1910@004a1910 FUN_004a2090@004a2090 FUN_005d8240@005d8240 FUN_005db7e0@005db7e0 thunk_FUN_0073b520@005d8440
AreaAddAmbientSpawnPeriod	005b62f0	100	FUN_004a1680@004a1680 FUN_004a1930@004a1930 FUN_005d8240@005d8240 FUN_005d8580@005d8580
AreaAddDocker	005b66c0	77	FUN_0046e830@0046e830 FUN_005d8240@005d8240 FUN_005db7e0@005db7e0 thunk_FUN_0073b520@005d8440
AreaAddDockLocation	005b6710	68	FUN_0046e890@0046e890 FUN_0046e9d0@0046e9d0 FUN_005d8200@005d8200 FUN_005d8580@005d8580
AreaAddDockPeriod	005b6760	100	FUN_0046e130@0046e130 FUN_0046e890@0046e890 FUN_005d8240@005d8240 FUN_005d8580@005d8580
AreaAddExtraScene	005b71b0	324	FUN_00429790@00429790 FUN_00429840@00429840 FUN_00439ba0@00439ba0 FUN_004467b0@004467b0 FUN_0056fcb0@0056fcb0 FUN_005d8200@005d8200 FUN_005d82a0@005d82a0 FUN_005d8f20@005d8f20
AreaAddMissionSpawner	005b7d70	244	FUN_004a1370@004a1370 FUN_004a18e0@004a18e0 FUN_004a1fa0@004a1fa0 FUN_005d8200@005d8200 FUN_005d8240@005d8240 FUN_005db7e0@005db7e0 thunk_FUN_0073b520@005d8440
AreaAddPedModelIdToSpawnLocation	005b6400	74	FUN_004a10b0@004a10b0 FUN_004a18b0@004a18b0 FUN_005d8200@005d8200 FUN_005d8580@005d8580
AreaAddPedTypeToSpawnLocation	005b6450	74	FUN_004a10c0@004a10c0 FUN_004a18b0@004a18b0 FUN_005d8200@005d8200 FUN_005d8580@005d8580
AreaAddSpawnLocation	005b63a0	83	FUN_004a1970@004a1970 FUN_005d8200@005d8200 FUN_005d8580@005d8580 thunk_FUN_0073b520@005d8440
AreaCancelStoredTransition	005b6e90	13	FUN_00415c30@00415c30
AreaClearAllExplosions	005b70f0	8	FUN_004d2530@004d2530
AreaClearAllPeds	005b7e70	92	FUN_00424490@00424490
AreaClearAllProjectiles	005b7100	48	FUN_004d48a0@004d48a0 FUN_004d4940@004d4940 FUN_005d8200@005d8200 FUN_0073ad50@0073ad50
AreaClearAllVehicles	005b7ed0	144	FUN_004cb6a0@004cb6a0 FUN_004ce410@004ce410 thunk_FUN_004ce7b0@004ce910
AreaClearDockers	005b6690	37	FUN_0046ea70@0046ea70 FUN_0046eae0@0046eae0 FUN_005db7e0@005db7e0
AreaClearPatrolPaths	005b60d0	37	FUN_00472880@00472880 FUN_004729a0@004729a0 FUN_005db7e0@005db7e0
AreaClearSpawners	005b6220	37	FUN_004a1830@004a1830 FUN_004a1ab0@004a1ab0 FUN_005db7e0@005db7e0
AreaDeactivatePopulationTrigger	005b5f50	30	FUN_0049ee50@0049ee50 FUN_005d8200@005d8200
AreaDeteriorateAttitudeForPopTriggerPedType	005b5f70	45	FUN_0049ee90@0049ee90 FUN_005d8200@005d8200
AreaDisableAllPatrolPaths	005b61d0	14	FUN_00472710@00472710
AreaDisableCameraControlForTransition	005b6f70	23	FUN_005d8f20@005d8f20
AreaDisablePatrolPath	005b6050	77	FUN_00472250@00472250 FUN_005d8200@005d8200 FUN_005d8450@005d8450 FUN_005ed240@005ed240
AreaDoorTransitionFix	005b6e20	13	FUN_00415140@00415140
AreaEnableAllPatrolPaths	005b61e0	14	FUN_004721a0@004721a0
AreaEnablePatrolPath	005b60a0	46	FUN_00471f80@00471f80 FUN_005d8200@005d8200 FUN_005ed240@005ed240
AreaEnsureSpecialEntitiesAreCreated	005b6dc0	13	FUN_006ae8b0@006ae8b0
AreaEnsureSpecialEntitiesAreCreatedWithOverride	005b6dd0	67	FUN_005d8200@005d8200 FUN_005d82e0@005d82e0 FUN_006ae590@006ae590 FUN_006ae8b0@006ae8b0
AreaForceLoadAreaByAreaTransition	005b6f90	23	FUN_005d8f20@005d8f20
AreaGetPlayerPositionBeforeStore	005b74c0	97	FUN_005d8460@005d8460 FUN_005d8480@005d8480
AreaGetPopulationCullDistance	005b6d30	34	FUN_005d8480@005d8480
AreaGetPopulationEvaluatesTriggersIn3D	005b6e30	41	FUN_005d8450@005d8450
AreaGetScriptedPOIPointToActivate	005b6980	100	FUN_00448ff0@00448ff0 FUN_005d8180@005d8180 FUN_005d81c0@005d81c0 FUN_005d8200@005d8200 FUN_005d8460@005d8460 FUN_0073ad50@0073ad50
AreaGetTransitionTime	005b70a0	76	FUN_005d8200@005d8200 FUN_005d8460@005d8460 FUN_0085c6f0@0085c6f0
AreaGetVisible	005b7300	25	FUN_005d8460@005d8460
AreaInitPatrolPath	005b6150	122	FUN_00471fd0@00471fd0 FUN_005d8200@005d8200 FUN_005d8fa0@005d8fa0 FUN_005ed240@005ed240
AreaIsCollisionLoaded	005b7450	102	FUN_00570070@00570070 FUN_005d8200@005d8200 FUN_005d8450@005d8450
AreaIsDoorLocked	005b7640	282	FUN_004e9850@004e9850 FUN_00576d80@00576d80 FUN_005d81e0@005d81e0 FUN_005d8200@005d8200 FUN_005d82e0@005d82e0 FUN_005d8450@005d8450 FUN_005d8560@005d8560 FUN_005d8580@005d8580 FUN_006d6400@006d6400 FUN_006d7870@006d7870 FUN_006d78c0@006d78c0
AreaIsDoorLockedToPeds	005b7880	282	FUN_004e9920@004e9920 FUN_00576d80@00576d80 FUN_005d81e0@005d81e0 FUN_005d8200@005d8200 FUN_005d82e0@005d82e0 FUN_005d8450@005d8450 FUN_005d8560@005d8560 FUN_005d8580@005d8580 FUN_006d6450@006d6450 FUN_006d7870@006d7870 FUN_006d78c0@006d78c0
AreaIsDoorOpen	005b7ac0	282	FUN_004e99f0@004e99f0 FUN_00576d80@00576d80 FUN_005d81e0@005d81e0 FUN_005d8200@005d8200 FUN_005d82e0@005d82e0 FUN_005d8450@005d8450 FUN_005d8560@005d8560 FUN_005d8580@005d8580 FUN_006d64d0@006d64d0 FUN_006d7870@006d7870 FUN_006d78c0@006d78c0
AreaIsLoading	005b6f50	30	FUN_00415230@00415230 FUN_005d8450@005d8450
AreaLoad	005b5f00	36	FUN_005d8200@005d8200
AreaLoadCollision	005b7130	118	FUN_0056ff30@0056ff30 FUN_005d8200@005d8200 thunk_FUN_00439220@00439620
AreaLoadSpecialEntities	005b6d70	65	FUN_00576d80@00576d80 FUN_005d82e0@005d82e0 FUN_005d8f20@005d8f20 FUN_006ae5d0@006ae5d0 FUN_006ae600@006ae600
AreaMissionSpawnerExhausted	005b64c0	79	FUN_004a18b0@004a18b0 FUN_004a23a0@004a23a0 FUN_005d8450@005d8450 FUN_005d8580@005d8580
AreaMissionSpawnerSetActivated	005b6600	64	FUN_004a18b0@004a18b0 FUN_005d8580@005d8580 FUN_005d8f20@005d8f20
AreaMissionSpawnerSetAttackTarget	005b6550	104	FUN_004a1010@004a1010 FUN_004a18b0@004a18b0 FUN_005c7220@005c7220 FUN_005d8200@005d8200 FUN_005d8580@005d8580 FUN_005d8fa0@005d8fa0
AreaMissionSpawnerSetCallback	005b65c0	49	FUN_004a18b0@004a18b0 FUN_005d8580@005d8580 FUN_005d9e70@005d9e70
AreaMissionSpawnerSetExhausted	005b6510	51	FUN_004a18b0@004a18b0 FUN_004a2060@004a2060 FUN_005d8580@005d8580
AreaOverridePopulation	005b5fa0	80	FUN_0049c460@0049c460 FUN_005d8200@005d8200 FUN_005d8240@005d8240
AreaOverridePopulationPedType	005b7320	165	FUN_004467b0@004467b0 FUN_0049c460@0049c460 FUN_0049edb0@0049edb0 FUN_005d8200@005d8200
AreaPatrolPathShowVisionCones	005b61f0	34	FUN_00471cb0@00471cb0 FUN_005d8f20@005d8f20
AreaPOICompareName	005b6a90	111	FUN_00448c70@00448c70 FUN_00576d80@00576d80 FUN_005d8200@005d8200 FUN_005d82e0@005d82e0 FUN_005d8450@005d8450
AreaPOIDeactivated	005b6bc0	62	FUN_00448c70@00448c70 FUN_005d8200@005d8200 FUN_005d8450@005d8450
AreaPOIGetActivation	005b6a40	70	FUN_00448c70@00448c70 FUN_005d8200@005d8200 FUN_005d8450@005d8450
AreaPOIGetFaction	005b6b40	57	FUN_00448c70@00448c70 FUN_005d8200@005d8200 FUN_005d8460@005d8460
AreaPOIGetGender	005b6c00	54	FUN_00448c70@00448c70 FUN_005d8200@005d8200 FUN_005d8460@005d8460
AreaPOIGetInterestType	005b6b00	57	FUN_00448c70@00448c70 FUN_005d8200@005d8200 FUN_005d8460@005d8460
AreaPOIGetMaxNumber	005b6b80	58	FUN_00448c70@00448c70 FUN_005d8200@005d8200 FUN_005d8460@005d8460
AreaPOIGetPosition	005b73d0	124	FUN_00448c70@00448c70 FUN_005d8200@005d8200 FUN_005d84b0@005d84b0
AreaPOISetActivation	005b69f0	65	FUN_004477a0@004477a0 FUN_00448c70@00448c70 FUN_005d8200@005d8200 FUN_005d8f20@005d8f20
AreaRegisterAnimProps	005b6d60	8	FUN_00438700@00438700
AreaRegisterAreaScript	005b7530	45	FUN_00414f10@00414f10 FUN_005d8200@005d8200 FUN_005d82e0@005d82e0
AreaRemoveExtraScene	005b5ef0	8	FUN_004297f0@004297f0
AreaRemoveSpawner	005b64a0	30	FUN_004a19d0@004a19d0 FUN_005d8580@005d8580
AreaResetPunishmentAlertLevels	005b6cd0	14	FUN_0044e0c0@0044e0c0
AreaResetPunishmentPedTypes	005b6d20	14	FUN_0044e0e0@0044e0e0
AreaRevertToDefaultPopulation	005b5ff0	14	FUN_0049c580@0049c580
AreaSetActivePatrolPathHours	005b6100	80	FUN_00471df0@00471df0 FUN_005d8200@005d8200 FUN_005ed240@005ed240
AreaSetAmbientSpawnerExclusive	005b6360	64	FUN_004a1930@004a1930 FUN_005d8580@005d8580 FUN_005d8f20@005d8f20
AreaSetDockerChanceToDock	005b6940	53	FUN_0046e890@0046e890 FUN_005d8200@005d8200 FUN_005d8580@005d8580
AreaSetDockerKidReception	005b6880	64	FUN_0046e890@0046e890 FUN_005d8580@005d8580 FUN_005d8f20@005d8f20
AreaSetDockerMinsToRunBeforeEnd	005b6900	53	FUN_0046e890@0046e890 FUN_005d8200@005d8200 FUN_005d8580@005d8580
AreaSetDockerPatrolPedReception	005b6830	67	FUN_0046e890@0046e890 FUN_005d8580@005d8580 FUN_005d8f20@005d8f20
AreaSetDockerRunPercentage	005b68c0	53	FUN_0046e890@0046e890 FUN_005d8200@005d8200 FUN_005d8580@005d8580
AreaSetDockerSexReception	005b67d0	89	FUN_0046e890@0046e890 FUN_005d8580@005d8580 FUN_005d8f20@005d8f20
AreaSetDoorLocked	005b7760	284	FUN_004e98a0@004e98a0 FUN_00576d80@00576d80 FUN_005d81e0@005d81e0 FUN_005d8200@005d8200 FUN_005d82e0@005d82e0 FUN_005d8560@005d8560 FUN_005d8580@005d8580 FUN_005d8f20@005d8f20 FUN_006d6420@006d6420 FUN_006d7870@006d7870 FUN_006d78c0@006d78c0
AreaSetDoorLockedToPeds	005b79a0	284	FUN_004e9970@004e9970 FUN_00576d80@00576d80 FUN_005d81e0@005d81e0 FUN_005d8200@005d8200 FUN_005d82e0@005d82e0 FUN_005d8560@005d8560 FUN_005d8580@005d8580 FUN_005d8f20@005d8f20 FUN_006d6480@006d6480 FUN_006d7870@006d7870 FUN_006d78c0@006d78c0
AreaSetDoorOpen	005b7be0	284	FUN_004e9a40@004e9a40 FUN_00576d80@00576d80 FUN_005d81e0@005d81e0 FUN_005d8200@005d8200 FUN_005d82e0@005d82e0 FUN_005d8560@005d8560 FUN_005d8580@005d8580 FUN_005d8f20@005d8f20 FUN_006d6500@006d6500 FUN_006d7870@006d7870 FUN_006d78c0@006d78c0
AreaSetDoorPathableToPeds	005b7d00	100	FUN_004ea270@004ea270 FUN_005d8200@005d8200 FUN_005d8f20@005d8f20 FUN_005eaf00@005eaf00
AreaSetNodesSwitchedOffInTrigger	005b7fb0	92	FUN_00441f40@00441f40 FUN_005d8200@005d8200 FUN_005d8f20@005d8f20
AreaSetPathableInRadius	005b6ea0	150	FUN_005d82a0@005d82a0 FUN_005d8f20@005d8f20 FUN_005ea9d0@005ea9d0
AreaSetPopulationEvaluatesTriggersIn3D	005b6e60	43	FUN_005d8f20@005d8f20
AreaSetPopulationSexGeneration	005b6000	79	FUN_005d8f20@005d8f20
AreaSetPunishmentAlertLevels	005b6c80	78	FUN_0044e090@0044e090 FUN_005d8200@005d8200
AreaSetPunishmentPedType	005b6ce0	55	FUN_0044e0b0@0044e0b0 FUN_005d8200@005d8200
AreaSetSavePointLocation	005b6fb0	231	FUN_005d8200@005d8200 FUN_005d82a0@005d82a0 FUN_005d8580@005d8580 FUN_00737c80@00737c80 FUN_00737de0@00737de0
AreaSetTriggerMonitoringRules	005b7f60	78	FUN_005d8200@005d8200 FUN_005d8f20@005d8f20
AreaSetVisible	00824d30	3	
AreaSignalAreaTransitionReadyToLoad	005b6f40	10	
AreaSpawnerSetSexGeneration	005b6640	79	FUN_004a1970@004a1970 FUN_005d8580@005d8580 FUN_005d8f20@005d8f20
AreaTransitionButes			pas de table
AreaTransitionDestination	005b7560	25	FUN_005d8460@005d8460
AreaTransitionDoor			pas de table
CameraActive			pas de table
CameraAllowChange	005b98d0	37	FUN_005d8f20@005d8f20
CameraAllowScriptedChange	005b9900	39	FUN_005d8f20@005d8f20
CameraBlending			pas de table
CameraClearRotationLimit	005ba3d0	43	FUN_00465690@00465690
CameraCutscenePath			pas de table
CameraCutscenePathTrack			pas de table
CameraDebugActive	005b9bd0	30	FUN_005d8450@005d8450
CameraDefaultFOV	005b99a0	23	FUN_004f1510@004f1510
CameraDesired			pas de table
CameraDesiredReset			pas de table
CameraFade	005b8ea0	128	FUN_004f1980@004f1980 FUN_005d8200@005d8200 FUN_005d82a0@005d82a0
CameraFadeSetup			pas de table
CameraFadeSetupTrack			pas de table
CameraFadeToSplashEnd	005b8e80	32	FUN_0043ac00@0043ac00
CameraFadeToSplashSetup	005b8e30	41	FUN_0043bd90@0043bd90
CameraFadeToSplashStart	005b8e60	27	
CameraFadeTrack			pas de table
CameraFading			pas de table
CameraFollowEntity	005b92c0	65	FUN_004f2a10@004f2a10 FUN_004f3530@004f3530 FUN_005c2770@005c2770 FUN_005d8200@005d8200
CameraFollowPed	005b9280	60	FUN_004f2a10@004f2a10 FUN_004f3530@004f3530 FUN_005c7220@005c7220 FUN_005d8200@005d8200
CameraFollowPedPelvis			pas de table
CameraFollowPedPelvisAll			pas de table
CameraFreeze			pas de table
CameraFreezeTrack			pas de table
CameraGet169Mode	005b9d20	27	FUN_005d8450@005d8450
CameraGetActive	005b9bb0	25	FUN_005d8460@005d8460
CameraGetFOV	005b9930	53	FUN_005d8480@005d8480
CameraGetParametric			pas de table
CameraGetParametricTrack			pas de table
CameraHoldFadeout	005b8e10	23	FUN_005d8f20@005d8f20
CameraInWidescreen			pas de table
CameraIrisControl			pas de table
CameraIrisControlTrack			pas de table
CameraIsPointVisible	005ba080	371	FUN_00461d50@00461d50 FUN_00465690@00465690 FUN_004f1280@004f1280 FUN_005d8200@005d8200 FUN_005d8450@005d8450 FUN_006c8190@006c8190 FUN_006c9930@006c9930 FUN_006d5860@006d5860 FUN_006d6300@006d6300
CameraLock			pas de table
CameraLocked			pas de table
CameraLockTrack			pas de table
CameraLookAtObject	005b9310	120	FUN_004f3440@004f3440 FUN_00507600@00507600 FUN_005d8200@005d8200 FUN_005d82a0@005d82a0 FUN_005d8f20@005d8f20 FUN_0073ad50@0073ad50
CameraLookAtPath	005b94d0	82	FUN_004f3440@004f3440 FUN_00507640@00507640 FUN_005d8200@005d8200 FUN_005d8f20@005d8f20 FUN_005ed240@005ed240
CameraLookAtPathSetSpeed	005b9530	120	FUN_004f3440@004f3440 FUN_00507670@00507670 FUN_00507690@00507690 FUN_005076b0@005076b0 FUN_005d82a0@005d82a0
CameraLookatPlayer			pas de table
CameraLookAtPlayer	005b91e0	106	FUN_004f3440@004f3440 FUN_00507600@00507600 FUN_005d82a0@005d82a0 FUN_005d8f20@005d8f20 FUN_0073ad50@0073ad50
CameraLookatPlayerTrack			pas de table
CameraLookAtXYZ	005b9390	121	FUN_004f3440@004f3440 FUN_005075b0@005075b0 FUN_005d82a0@005d82a0 FUN_005d8f20@005d8f20
CameraMgrUpdate	005b9d10	13	FUN_004f37b0@004f37b0
CameraMixedPerson			pas de table
CameraPath			pas de table
CameraPathTrack			pas de table
CameraPos			pas de table
CameraPosition			pas de table
CameraReset	005b97f0	13	FUN_004f2a10@004f2a10
CameraResetToPosition	005b9800	106	FUN_004f2a80@004f2a80 FUN_005d82a0@005d82a0 FUN_005d8f20@005d8f20
CameraResetWithDirection	005b9de0	133	FUN_00414a20@00414a20 FUN_004f2a40@004f2a40 FUN_005d8200@005d8200 FUN_006d5860@006d5860 FUN_006d6300@006d6300
CameraResetWithDirection2	005b9870	86	FUN_004f2a40@004f2a40 FUN_005d82a0@005d82a0
CameraReturnToPlayer	005b8fd0	524	FUN_004304a0@004304a0 FUN_004f2a10@004f2a10 FUN_004f2a80@004f2a80 FUN_004f2ad0@004f2ad0 FUN_004f3340@004f3340 FUN_005d8370@005d8370 FUN_005d8f20@005d8f20 FUN_005d8fa0@005d8fa0 FUN_0073ad50@0073ad50
CameraSet			pas de table
CameraSetActive	005b9b30	126	FUN_004f2ad0@004f2ad0 FUN_005d8200@005d8200 FUN_005d82a0@005d82a0 FUN_005d8f20@005d8f20 FUN_0073ad50@0073ad50 FUN_0085c6f0@0085c6f0
CameraSetConvCam	005b99c0	366	FUN_004f4c90@004f4c90 FUN_004f5560@004f5560 FUN_004f6bf0@004f6bf0 FUN_005c7220@005c7220 FUN_005d8200@005d8200 FUN_005d82e0@005d82e0 FUN_00683ea0@00683ea0 FUN_0073ad50@0073ad50
CameraSetConversationPath	00824d30	3	
CameraSetDesiredActive			pas de table
CameraSetDesiredActiveTrack			pas de table
CameraSetFieldPoints	00824d30	3	
CameraSetFOV	005b9970	42	FUN_005d82a0@005d82a0
CameraSetHeading	00824d30	3	
CameraSetLimit			pas de table
CameraSetLimitTrack			pas de table
CameraSetNearPlane	005b9250	45	FUN_005d82a0@005d82a0 FUN_006c86c0@006c86c0
CameraSetPath	005b8f70	82	FUN_004f3440@004f3440 FUN_00507820@00507820 FUN_005d8200@005d8200 FUN_005d8f20@005d8f20 FUN_005ed240@005ed240
CameraSetPlayerRelativePath	005b9d40	157	FUN_004f3440@004f3440 FUN_00507930@00507930 FUN_005d8200@005d8200 FUN_005d82a0@005d82a0 FUN_005d8f20@005d8f20 FUN_005ed240@005ed240
CameraSetRelativePath	005b95b0	186	FUN_004f3440@004f3440 FUN_00507930@00507930 FUN_005d8200@005d8200 FUN_005d82a0@005d82a0 FUN_005d8f20@005d8f20 FUN_005ed240@005ed240 FUN_006d5860@006d5860 FUN_006d6300@006d6300 FUN_0073ad50@0073ad50
CameraSetRotationLimit	005b9e70	371	FUN_005d8200@005d8200 FUN_006c8190@006c8190 FUN_006c9930@006c9930 FUN_0085c4d0@0085c4d0
CameraSetRotationLimitRel	005ba200	458	FUN_00465680@00465680 FUN_00465690@00465690 FUN_005c2770@005c2770 FUN_005d8200@005d8200 FUN_006c8190@006c8190 FUN_006c9930@006c9930 FUN_0085c4d0@0085c4d0
CameraSetRotationSpeed	005b9490	54	FUN_004f3440@004f3440 FUN_005076d0@005076d0 FUN_005d82a0@005d82a0
CameraSetSafeZone			pas de table
CameraSetSafeZoneTrack			pas de table
CameraSetSecondTarget	005b9ff0	133	FUN_00465680@00465680 FUN_00465690@00465690 FUN_005c7220@005c7220 FUN_005d8200@005d8200
CameraSetShot	005b9670	165	FUN_004f2a10@004f2a10 FUN_004f2ad0@004f2ad0 FUN_004f3340@004f3340 FUN_005d81c0@005d81c0 FUN_005d8200@005d8200 FUN_005d82e0@005d82e0 FUN_005d8f20@005d8f20 FUN_0073ad50@0073ad50
CameraSetShotOnly	005b9720	44	FUN_004f1170@004f1170 FUN_005d8200@005d8200 FUN_005d82e0@005d82e0
CameraSetSpeed	005b9410	120	FUN_004f3440@004f3440 FUN_005076e0@005076e0 FUN_00507700@00507700 FUN_00507720@00507720 FUN_005d82a0@005d82a0
CameraSetStartPointPullback			pas de table
CameraSetStartPointPullbackTrack			pas de table
CameraSetWidescreen	005b8f20	74	FUN_005d8f20@005d8f20 thunk_FUN_0073ad50@005d8170
CameraSetXYZ	005b9bf0	274	FUN_004f2ad0@004f2ad0 FUN_004f3440@004f3440 FUN_00507b10@00507b10 FUN_005d82a0@005d82a0 FUN_005d8f20@005d8f20 FUN_0073ad50@0073ad50
CameraShake			pas de table
CameraShakeTrack			pas de table
CameraShot			pas de table
CameraShotTrack			pas de table
CameraSystem			pas de table
CameraXYZ			pas de table
CameraXYZTrack			pas de table
CameraZoomControl			pas de table
CameraZoomControlTrack			pas de table
GameCompletionStyle			pas de table
GameGetPedStat	005d4ca0	99	FUN_00476f10@00476f10 FUN_005c7220@005c7220 FUN_005d8200@005d8200 FUN_005d8460@005d8460
GameOver			pas de table
GameRestarted	005c0870	34	FUN_005d8450@005d8450
GameSetPedStat	005d4d10	83	FUN_00476fa0@00476fa0 FUN_005c7220@005c7220 FUN_005d8200@005d8200
GameTimer			pas de table
GameTimerTrack			pas de table
GameTitleMenu			pas de table
MissionActive	005bfd00	30	FUN_005d8450@005d8450 FUN_006aa680@006aa680
MissionActiveSpecific	005bfd20	113	FUN_0049a500@0049a500 FUN_005d82e0@005d82e0 FUN_005d8450@005d8450 FUN_005fa7b0@005fa7b0 FUN_006a9e70@006a9e70 FUN_006aa290@006aa290 FUN_006aa520@006aa520
MissionActiveSpecific2	005bfda0	113	FUN_0049a500@0049a500 FUN_005d82e0@005d82e0 FUN_005d8450@005d8450 FUN_005fa7b0@005fa7b0 FUN_006a9e70@006a9e70 FUN_006aa290@006aa290 FUN_006aa530@006aa530
MissionAllowAmbientTransitions	005c0f10	23	FUN_005d8f20@005d8f20
MissionAllowConcurrentMissions	005c0f30	56	FUN_005d8f20@005d8f20 FUN_006aa2d0@006aa2d0 FUN_006aa520@006aa520
MissionAskUserToStart	005c11e0	44	FUN_005d8450@005d8450 FUN_006abf90@006abf90
MissionAttemptCountInc	005c0520	91	FUN_0049a500@0049a500 FUN_005d82e0@005d82e0 FUN_005fa7b0@005fa7b0 FUN_006a9e70@006a9e70 FUN_006aa660@006aa660
MissionAvailable			pas de table
MissionBank			pas de table
MissionButtonTrigger			pas de table
MissionCanLaunch			pas de table
MissionCharTriggerTrack			pas de table
MissionCleanup			pas de table
MissionClearDisablePedTypes	005c1010	14	FUN_0049c4c0@0049c4c0
MissionCond			pas de table
MissionData			pas de table
MissionDisablePedType	005c0fd0	49	FUN_0049c4a0@0049c4a0 FUN_005d8200@005d8200 FUN_005d8f20@005d8f20
MissionDontFadeIn	005c0790	17	FUN_006aa5b0@006aa5b0
MissionDontFadeInAfterCompetion	005c07b0	17	FUN_006aa5b0@006aa5b0
MissionDoorLockTrack			pas de table
MissionDoorTriggerTrack			pas de table
MissionFail	005bff00	241	FUN_005d82e0@005d82e0 FUN_005d8f20@005d8f20 FUN_006aa1a0@006aa1a0 FUN_006aa2d0@006aa2d0 FUN_006aa520@006aa520 FUN_006aa530@006aa530 FUN_006aa5b0@006aa5b0 thunk_FUN_0073ad50@005d8170
MissionForceCompleted	005c0740	67	FUN_0049a500@0049a500 FUN_005d82e0@005d82e0 FUN_005fa7b0@005fa7b0 FUN_006a9e70@006a9e70 FUN_006aa660@006aa660
MissionGetCurrentName	005bfea0	83	FUN_006aa290@006aa290 FUN_006aa500@006aa500 FUN_006aa5b0@006aa5b0 thunk_FUN_0073b330@005d8530 thunk_FUN_0073b3b0@005d84a0
MissionGetIndex	005bfe20	76	FUN_0049a500@0049a500 FUN_005d82e0@005d82e0 FUN_005d8460@005d8460 FUN_005fa7b0@005fa7b0 FUN_006a9e70@006a9e70
MissionGetName	005bfe70	47	FUN_005d8200@005d8200 FUN_006aa500@006aa500 thunk_FUN_0073b3b0@005d84a0
MissionGetUserStartResponse	005c1210	71	FUN_005d8460@005d8460 FUN_006abf90@006abf90
MissionInClass	005c0fb0	30	FUN_005d8450@005d8450 FUN_006aa6e0@006aa6e0
MissionItem			pas de table
MissionManager			pas de table
MissionObjectiveAdd	005c1de0	124	FUN_005d8200@005d8200 FUN_005d82a0@005d82a0 FUN_005d82e0@005d82e0 FUN_005d8460@005d8460 FUN_006ae110@006ae110 FUN_006ae420@006ae420 FUN_0073ad50@0073ad50
MissionObjectiveComplete	005c1f30	39	FUN_005d8200@005d8200 FUN_006ae2f0@006ae2f0
MissionObjectiveReminderTime	005c1f90	32	FUN_005d82a0@005d82a0 FUN_006ae420@006ae420
MissionObjectiveRemove	005c1f60	39	FUN_005d8200@005d8200 FUN_006ae320@006ae320
MissionObjectiveUpdateParam	005c1e60	199	FUN_005d81c0@005d81c0 FUN_005d81e0@005d81e0 FUN_005d8200@005d8200 FUN_005d82a0@005d82a0 FUN_005d82e0@005d82e0 FUN_006ae230@006ae230 FUN_006ae270@006ae270 FUN_006ae2b0@006ae2b0
MissionOnly			pas de table
MissionOverrideArrestPoint	005c1020	122	FUN_004313e0@004313e0 FUN_005d8200@005d8200 FUN_005d82a0@005d82a0
MissionOverrideKOPoint	005c10a0	122	FUN_00431420@00431420 FUN_005d8200@005d8200 FUN_005d82a0@005d82a0
MissionPlayActionNode	005c07d0	76	FUN_005d82e0@005d82e0 FUN_005d8450@005d8450 FUN_005f48f0@005f48f0 FUN_005f59b0@005f59b0
MissionResetRespawnOverrides	005c1120	13	FUN_00431460@00431460
MissionSaveData			pas de table
MissionSetAutoRestart	005c0e50	29	FUN_005d8f20@005d8f20 FUN_006aaeb0@006aaeb0
MissionSetCompletedCount	00824d30	3	
MissionSetup			pas de table
MissionStartNextClass	005c0f70	51	FUN_005d8fa0@005d8fa0 FUN_006a9ed0@006a9ed0 FUN_006acfa0@006acfa0
MissionStopActionController	005c0820	32	FUN_005d8450@005d8450 FUN_005f3f40@005f3f40
MissionSucceed	005c0000	201	FUN_005d82a0@005d82a0 FUN_005d82e0@005d82e0 FUN_005d8f20@005d8f20 FUN_005d8fa0@005d8fa0 FUN_006aa5b0@006aa5b0 FUN_006abde0@006abde0 FUN_00707390@00707390 thunk_FUN_0073ad50@005d8170
MissionSuccessCount			pas de table
MissionSuccessCountInc	005c04b0	103	FUN_0049a500@0049a500 FUN_005d82e0@005d82e0 FUN_005fa7b0@005fa7b0 FUN_006a9e70@006a9e70 FUN_006a9ff0@006a9ff0 FUN_006aa660@006aa660
MissionSurpressMissionNameText	005c0e70	34	FUN_006aa540@006aa540 FUN_006aa5b0@006aa5b0
MissionTimerGetTimeRemaining	005c2120	67	FUN_0043f5a0@0043f5a0 FUN_005d8460@005d8460
MissionTimerHasFinished	005c20d0	67	FUN_0043f5a0@0043f5a0 FUN_005d8450@005d8450
MissionTimerPause	005c2090	39	FUN_0043f560@0043f560 FUN_005d8f20@005d8f20
MissionTimerStart	005c1fb0	49	FUN_0043f540@0043f540 FUN_0043f600@0043f600 FUN_005d8200@005d8200
MissionTimerStartFixed	005c1ff0	158	FUN_0043f540@0043f540 FUN_0043f600@0043f600 FUN_005d8200@005d8200
MissionTimerStop	005c20c0	15	FUN_0043f600@0043f600
MissionTitle			pas de table
MissionTrack			pas de table
MissionTypeClass			pas de table
MissionTypeMinigame			pas de table
MissionTypeNormal			pas de table
MissionTypeSecondary			pas de table
MissionTypeSleep			pas de table
MissionTypeTutorial			pas de table
MissionUnlocked			pas de table
MissionUpdateActionController	005c0840	38	FUN_005d8450@005d8450 FUN_005f49a0@005f49a0
MissionVehicleTrigger			pas de table
PedActionController			pas de table
PedActionControllerUpdate	005ca160	66	FUN_005c7220@005c7220 FUN_005d8200@005d8200 FUN_005f49a0@005f49a0
PedAddBroadcastStimulus	005c6dc0	89	FUN_004a60d0@004a60d0 FUN_005d8200@005d8200 FUN_005d82a0@005d82a0 FUN_0073ad50@0073ad50
PedAddCover	005c6e80	439	FUN_00433250@00433250 FUN_00487e20@00487e20 FUN_00488250@00488250 FUN_005d81e0@005d81e0 FUN_005d8200@005d8200 FUN_005d82a0@005d82a0 FUN_005d82b0@005d82b0 FUN_005d82e0@005d82e0 FUN_005d8f20@005d8f20 FUN_005dbbf0@005dbbf0 FUN_006d5860@006d5860 FUN_006d58a0@006d58a0 FUN_006d6300@006d6300
PedAddPedToIgnoreList	005cb6d0	92	FUN_0048bf80@0048bf80 FUN_005c7220@005c7220 FUN_005d8200@005d8200
PedAllowCollisionResponse	005ce340	62	FUN_005c7220@005c7220 FUN_005d8200@005d8200 FUN_005d8f20@005d8f20
PedAlwaysUpdateAnimation	005cbbd0	65	FUN_005c7220@005c7220 FUN_005d8200@005d8200 FUN_005d8f20@005d8f20
PedApplyDamage	005cc1c0	164	FUN_0047b6b0@0047b6b0 FUN_005c7220@005c7220 FUN_005d8200@005d8200 FUN_005d82a0@005d82a0
PedAreaClearOfPedsInXYZ	005c7180	146	FUN_0048c840@0048c840 FUN_005d8370@005d8370 FUN_005d8450@005d8450
PedAttachEffect	005ced00	138	FUN_00465430@00465430 FUN_00468620@00468620 FUN_00576d80@00576d80 FUN_005c7220@005c7220 FUN_005d8200@005d8200 FUN_005d82e0@005d82e0 FUN_00667a00@00667a00
PedAttack	005c9ca0	320	FUN_00470c10@00470c10 FUN_00471240@00471240 FUN_00471320@00471320 FUN_004969a0@004969a0 FUN_005c7220@005c7220 FUN_005d81a0@005d81a0 FUN_005d81c0@005d81c0 FUN_005d8200@005d8200 FUN_005d8fa0@005d8fa0 thunk_FUN_005ee6d0@005ee930
PedAttackCar	005cdd50	135	FUN_00470c60@00470c60 FUN_00471240@00471240 FUN_005c7220@005c7220 FUN_005d8200@005d8200 thunk_FUN_005ee6d0@005ee930
PedAttackNearestCar	005cdde0	126	FUN_00470c60@00470c60 FUN_00471240@00471240 FUN_004d32a0@004d32a0 FUN_005c7220@005c7220 FUN_005d8200@005d8200 thunk_FUN_005ee6d0@005ee930
PedAttackPlayer	005d2620	222	FUN_00470c10@00470c10 FUN_00471240@00471240 FUN_00471320@00471320 FUN_004969a0@004969a0 FUN_005c7220@005c7220 FUN_005d81c0@005d81c0 FUN_005d8200@005d8200 FUN_005d8fa0@005d8fa0 thunk_FUN_005ee6d0@005ee930
PedAttackProp	005cb130	309	FUN_00470d00@00470d00 FUN_00471240@00471240 FUN_00471320@00471320 FUN_004ea270@004ea270 FUN_005c7220@005c7220 FUN_005d81c0@005d81c0 FUN_005d8200@005d8200 FUN_005d82b0@005d82b0 FUN_005d8fa0@005d8fa0 thunk_FUN_005ee6d0@005ee930
PedAttackPropOffset	005cb270	451	FUN_00412850@00412850 FUN_00470d00@00470d00 FUN_00471240@00471240 FUN_004734b0@004734b0 FUN_004ea270@004ea270 FUN_005c7220@005c7220 FUN_005d8200@005d8200 FUN_005d82a0@005d82a0 thunk_FUN_005ee6d0@005ee930
PedAutoCover	005ce380	173	FUN_00470f60@00470f60 FUN_00471240@00471240 FUN_005c7220@005c7220 FUN_005d81c0@005d81c0 FUN_005d8200@005d8200 thunk_FUN_005ee6d0@005ee930
PedBikeBrawl	005cf240	95	FUN_0046fdb0@0046fdb0 FUN_00471320@00471320 FUN_005c7220@005c7220 FUN_005d8200@005d8200 thunk_FUN_005ee6d0@005ee930
PedCanSeeObject	005cafe0	119	FUN_0048d320@0048d320 FUN_005c2770@005c2770 FUN_005c7220@005c7220 FUN_005d8200@005d8200 FUN_005d8450@005d8450
PedCanTeleportOnAreaTransition	005cd080	55	FUN_005c7220@005c7220 FUN_005d8200@005d8200 FUN_005d8f20@005d8f20
PedCharacterTrigger	005c6660	214	FUN_00424590@00424590 FUN_005d8200@005d8200 FUN_005d82a0@005d82a0 FUN_005d82e0@005d82e0 FUN_006d5860@006d5860 FUN_006d6300@006d6300
PedCharacterTriggerDelete	005c6660	214	FUN_00424590@00424590 FUN_005d8200@005d8200 FUN_005d82a0@005d82a0 FUN_005d82e0@005d82e0 FUN_006d5860@006d5860 FUN_006d6300@006d6300
PedClearAllWeapons	005c9720	146	FUN_0045d040@0045d040 FUN_004d92c0@004d92c0 FUN_005c7220@005c7220 FUN_005d8200@005d8200 FUN_005f36d0@005f36d0 FUN_005f3f40@005f3f40
PedClearAntiTether	005cc6e0	50	FUN_00499a20@00499a20 FUN_005c7220@005c7220 FUN_005d8200@005d8200
PedClearFocus	005caa80	52	FUN_0048c370@0048c370 FUN_005c7220@005c7220 FUN_005d8200@005d8200
PedClearGuard	005d0030	69	FUN_00465690@00465690 FUN_005c7220@005c7220 FUN_005d8200@005d8200
PedClearHasAggressed	005ce040	46	FUN_005c7220@005c7220 FUN_005d8200@005d8200
PedClearHitRecord	005cfde0	108	FUN_00465690@00465690 FUN_005c7220@005c7220 FUN_005d8200@005d8200
PedClearObjective	005ca930	80	FUN_004700b0@004700b0 FUN_004973d0@004973d0 FUN_005c7220@005c7220 FUN_005d8200@005d8200
PedClearObjectives	005ca8e0	80	FUN_00470200@00470200 FUN_004973d0@004973d0 FUN_005c7220@005c7220 FUN_005d8200@005d8200 FUN_005f3f40@005f3f40
PedClearPOI	005cc070	55	FUN_00447480@00447480 FUN_005c7220@005c7220 FUN_005d8200@005d8200
PedClearPOIForAllPeds	005cf630	63	FUN_00473100@00473100
PedClearTether	005c9a30	50	FUN_004998f0@004998f0 FUN_005c7220@005c7220 FUN_005d8200@005d8200
PedClearWeapon	005c95c0	105	FUN_0045cf70@0045cf70 FUN_005c7220@005c7220 FUN_005d8200@005d8200
PedClimbLadder	005cd350	194	FUN_0046f940@0046f940 FUN_00471240@00471240 FUN_005c6d30@005c6d30 FUN_005c7220@005c7220 FUN_005d8200@005d8200 thunk_FUN_005ee6d0@005ee930
PedClimbWall	005cd2a0	172	FUN_00471240@00471240 FUN_005c6070@005c6070 FUN_005c6d30@005c6d30 FUN_005c7220@005c7220 FUN_005d8200@005d8200 FUN_005d8240@005d8240 thunk_FUN_005ee6d0@005ee930
PedConditionGroup			pas de table
PedConversationMood			pas de table
PedConversationStatus			pas de table
PedCoverSet	005cbc70	340	FUN_00470f60@00470f60 FUN_00471240@00471240 FUN_005c7220@005c7220 FUN_005d81c0@005d81c0 FUN_005d8200@005d8200 FUN_005d82a0@005d82a0 FUN_005d8f20@005d8f20 FUN_006d6300@006d6300 thunk_FUN_005ee6d0@005ee930
PedCoverSetFromProfile	005cbdd0	266	FUN_00470f60@00470f60 FUN_00471240@00471240 FUN_00487e20@00487e20 FUN_005c7220@005c7220 FUN_005d81c0@005d81c0 FUN_005d8200@005d8200 FUN_005d82e0@005d82e0 FUN_006d6300@006d6300 thunk_FUN_005ee6d0@005ee930
PedCoverSetOnCoverCallback	005cbee0	77	FUN_004701f0@004701f0 FUN_005c7220@005c7220 FUN_005d8200@005d8200 FUN_005d9e70@005d9e70
PedCreatePoint	005cf9d0	378	FUN_00463560@00463560 FUN_005cf6b0@005cf6b0 FUN_005d8200@005d8200 FUN_005d8460@005d8460 FUN_005d94d0@005d94d0 FUN_005db7e0@005db7e0 FUN_006d5860@006d5860 FUN_006d58a0@006d58a0 FUN_006d6300@006d6300 FUN_0073ad50@0073ad50
PedCreatePointWithAdjustedHeading	005d04e0	289	FUN_005d0360@005d0360 FUN_005d8200@005d8200 FUN_005d8460@005d8460 FUN_005d94d0@005d94d0 FUN_005db7e0@005db7e0 FUN_006d5860@006d5860 FUN_006d58a0@006d58a0 FUN_006d6300@006d6300 FUN_0073ad50@0073ad50
PedCreatePOIPoint	005d0610	846	FUN_00433250@00433250 FUN_004472c0@004472c0 FUN_004477a0@004477a0 FUN_004485e0@004485e0 FUN_00448c70@00448c70 FUN_00462870@00462870 FUN_00465690@00465690 FUN_0049c1a0@0049c1a0 FUN_0049e890@0049e890 FUN_0052fcf0@0052fcf0 FUN_005c7220@005c7220 FUN_005cf6b0@005cf6b0 FUN_005d8200@005d8200 FUN_005d8370@005d8370 FUN_005d8460@005d8460 FUN_005d94d0@005d94d0 FUN_005db7e0@005db7e0 FUN_005f29a0@005f29a0
PedCreateStimulus	005cee20	211	FUN_004a6520@004a6520 FUN_005c7220@005c7220 FUN_005d8200@005d8200
PedCreateXYZ	005cfb50	148	FUN_005cf6b0@005cf6b0 FUN_005d8200@005d8200 FUN_005d82a0@005d82a0 FUN_005d8460@005d8460 FUN_005d94d0@005d94d0 FUN_005db7e0@005db7e0
PedDelete	005c75f0	57	FUN_005c7280@005c7280 FUN_005d8200@005d8200 FUN_005d9520@005d9520 FUN_005db7e0@005db7e0
PedDeleteWeaponInventorySnapshot	005cf060	46	FUN_0045c860@0045c860 FUN_005c7220@005c7220 FUN_005d8200@005d8200
PedDestroyWeapon	005c9630	226	FUN_0045cf70@0045cf70 FUN_004d92c0@004d92c0 FUN_0055c6f0@0055c6f0 FUN_0055c780@0055c780 FUN_005c7220@005c7220 FUN_005d8200@005d8200 FUN_005f36d0@005f36d0 FUN_005f3f40@005f3f40
PedDetachAndKillEffect	005ced90	138	FUN_00465430@00465430 FUN_004686d0@004686d0 FUN_00576d80@00576d80 FUN_005c7220@005c7220 FUN_005d8200@005d8200 FUN_005d82e0@005d82e0 FUN_00667a00@00667a00
PedDisableMoveOutOfWay	005cefb0	65	FUN_005c7220@005c7220 FUN_005d8200@005d8200 FUN_005d8f20@005d8f20
PedDismissAllAllies	005cd680	46	FUN_004858f0@004858f0 FUN_005c7220@005c7220 FUN_005d8200@005d8200
PedDismissAlly	005cd5d0	171	FUN_00485880@00485880 FUN_005c7220@005c7220 FUN_005d8200@005d8200 FUN_005d8f20@005d8f20 FUN_0073ad50@0073ad50
PedDontCleanup	005ca020	36	FUN_005c7220@005c7220 FUN_005d8200@005d8200
PedEnableGiftRequirement	005cf5d0	93	FUN_004749f0@004749f0 FUN_005c7220@005c7220 FUN_005d8200@005d8200 FUN_005d8f20@005d8f20 FUN_006a98c0@006a98c0
PedEnRoute			pas de table
PedEnterVehicle	005c8af0	180	FUN_0044a430@0044a430 FUN_00465680@00465680 FUN_0046fa50@0046fa50 FUN_00471240@00471240 FUN_004d32a0@004d32a0 FUN_005c7220@005c7220 FUN_005d8200@005d8200 FUN_005d8240@005d8240 thunk_FUN_005ee6d0@005ee930
PedExitVehicle	005c8bb0	95	FUN_0046faf0@0046faf0 FUN_00471320@00471320 FUN_005c7220@005c7220 FUN_005d8200@005d8200 thunk_FUN_005ee6d0@005ee930
PedFaceHeading	005c76b0	107	FUN_005c7220@005c7220 FUN_005c72e0@005c72e0 FUN_005d8200@005d8200 FUN_005d82a0@005d82a0
PedFaceObject	005c77b0	244	FUN_00470ac0@00470ac0 FUN_00471240@00471240 FUN_005c2770@005c2770 FUN_005c7220@005c7220 FUN_005c73c0@005c73c0 FUN_005d8200@005d8200 FUN_005d8f20@005d8f20 FUN_0073ad50@0073ad50 thunk_FUN_005ee6d0@005ee930
PedFaceObjectNow	005c78b0	152	FUN_00443950@00443950 FUN_00470ac0@00470ac0 FUN_00470b10@00470b10 FUN_00470b40@00470b40 FUN_004755e0@004755e0 FUN_005c2770@005c2770 FUN_005c7220@005c7220 FUN_005d8200@005d8200 FUN_006c9990@006c9990
PedFaceXYZ	005c7720	134	FUN_005c7220@005c7220 FUN_005c73c0@005c73c0 FUN_005d8200@005d8200 FUN_005d82a0@005d82a0
PedFightingSystem			pas de table
PedFindAmbientPedOfModelID	005c9b00	404	FUN_0046ffc0@0046ffc0 FUN_00470200@00470200 FUN_00473100@00473100 FUN_00485410@00485410 FUN_005d8240@005d8240 FUN_005d82b0@005d82b0 FUN_005d8460@005d8460 FUN_005f3f40@005f3f40 FUN_005f46a0@005f46a0
PedFindInAreaObject	005d0a30	239	FUN_005c2810@005c2810 FUN_005c7220@005c7220 FUN_005cf850@005cf850 FUN_005d8200@005d8200 FUN_005d82a0@005d82a0 FUN_005d8450@005d8450 FUN_005d8460@005d8460 operator_delete@005ee940
PedFindInAreaXYZ	005d0960	207	FUN_005cf850@005cf850 FUN_005d82a0@005d82a0 FUN_005d8450@005d8450 FUN_005d8460@005d8460 operator_delete@005ee940
PedFindRandomPed	005c65b0	161	FUN_0049e710@0049e710 FUN_005d8240@005d8240 FUN_005d82b0@005d82b0 FUN_005d8460@005d8460
PedFindRandomSpawnPosition	005cf450	379	FUN_00463560@00463560 FUN_0046ee60@0046ee60 FUN_0049cef0@0049cef0 FUN_0049d710@0049d710 FUN_005c7220@005c7220 FUN_005d8200@005d8200 FUN_005d84b0@005d84b0
PedFlags			pas de table
PedFlagsTrack			pas de table
PedFlee	005ccff0	130	FUN_00471240@00471240 FUN_0048e5b0@0048e5b0 FUN_005c7220@005c7220 FUN_005d8200@005d8200 thunk_FUN_005ee6d0@005ee930
PedFleeOnBikeGetNextNode	005c7b80	82	FUN_004701f0@004701f0 FUN_005c7220@005c7220 FUN_005d8200@005d8200 FUN_005d8460@005d8460
PedFleeOnPathOnBike	005c7ab0	194	FUN_00470200@00470200 FUN_00470e70@00470e70 FUN_00471240@00471240 FUN_0048bf20@0048bf20 FUN_005c7220@005c7220 FUN_005d8200@005d8200 FUN_005d8240@005d8240 FUN_005ed240@005ed240 thunk_FUN_005ee6d0@005ee930
PedFleeOnRoadOnBike	005c7be0	168	FUN_00470200@00470200 FUN_00470f30@00470f30 FUN_00471240@00471240 FUN_0048bf20@0048bf20 FUN_005c7220@005c7220 FUN_005d8200@005d8200 FUN_005d8240@005d8240 thunk_FUN_005ee6d0@005ee930
PedFollowFocus	005c7a20	142	FUN_004701b0@004701b0 FUN_00471ac0@00471ac0 FUN_0048c370@0048c370 FUN_005c7220@005c7220 FUN_005d8200@005d8200 thunk_FUN_005ee6d0@005ee930
PedFollowObject	005c80f0	161	FUN_00470950@00470950 FUN_00471240@00471240 FUN_005c2770@005c2770 FUN_005c7220@005c7220 FUN_005d8200@005d8200 FUN_005d82a0@005d82a0 thunk_FUN_005ee6d0@005ee930
PedFollowPath	005cfbf0	400	FUN_0046fc20@0046fc20 FUN_00470200@00470200 FUN_00471240@00471240 FUN_00471be0@00471be0 FUN_005c6180@005c6180 FUN_005c7220@005c7220 FUN_005cf670@005cf670 FUN_005d8200@005d8200 FUN_005d9f00@005d9f00 FUN_005dbbf0@005dbbf0 FUN_005ec510@005ec510 FUN_005ed240@005ed240 FUN_005f3f40@005f3f40 FUN_0073ad50@0073ad50 thunk_FUN_005ee6d0@005ee930
PedFreeFromTrigger	005c9a30	50	FUN_004998f0@004998f0 FUN_005c7220@005c7220 FUN_005d8200@005d8200
PedGetAllyFollower	005cd890	95	FUN_005c7220@005c7220 FUN_005d8200@005d8200 FUN_005d8460@005d8460
PedGetAllyLeader	005cd830	95	FUN_005c7220@005c7220 FUN_005d8200@005d8200 FUN_005d8460@005d8460
PedGetAmmoCount	005ceca0	87	FUN_0045cdf0@0045cdf0 FUN_005c7220@005c7220 FUN_005d8200@005d8200 FUN_005d8460@005d8460
PedGetDamageGivenMultiplier	005cf2a0	81	FUN_005c7220@005c7220 FUN_005d8200@005d8200 FUN_005d8480@005d8480
PedGetDamageTakenMultiplier	005cf350	81	FUN_005c7220@005c7220 FUN_005d8200@005d8200 FUN_005d8480@005d8480
PedGetEmotionTowardsPed	005cda70	106	FUN_0048ea70@0048ea70 FUN_005c7220@005c7220 FUN_005d8200@005d8200 FUN_005d8460@005d8460
PedGetFaction	005cb5c0	63	FUN_005c7220@005c7220 FUN_005d8200@005d8200 FUN_005d8460@005d8460
PedGetFlag	005cc110	87	FUN_005c7220@005c7220 FUN_005d8200@005d8200 FUN_005d8450@005d8450
PedGetGrappleTargetPed	005cb670	83	FUN_005c7220@005c7220 FUN_005d8200@005d8200 FUN_005d8460@005d8460
PedGetHeading	005cce30	67	FUN_005c7220@005c7220 FUN_005d8200@005d8200 FUN_005d8480@005d8480
PedGetHeadPos	005cdf30	116	FUN_0048ced0@0048ced0 FUN_005c7220@005c7220 FUN_005d8200@005d8200 FUN_005d84b0@005d84b0
PedGetHealth	005c8e20	88	FUN_005c7220@005c7220 FUN_005d8200@005d8200 FUN_005d8480@005d8480
PedGetHitRecordDamage	005c9810	74	FUN_005c7220@005c7220 FUN_005d8200@005d8200 FUN_005d8480@005d8480
PedGetImmortalFlag	005ce730	81	FUN_005c7220@005c7220 FUN_005d8200@005d8200 FUN_005d8450@005d8450
PedGetLastHitWeapon	005cd500	66	FUN_00474a90@00474a90 FUN_005c7220@005c7220 FUN_005d8200@005d8200 FUN_005d8460@005d8460
PedGetLastVehicle	005cea20	82	FUN_0044c970@0044c970 FUN_005c7220@005c7220 FUN_005d8200@005d8200 FUN_005d8460@005d8460 thunk_FUN_0073b330@005d8530
PedGetMaxHealth	005c8d80	88	FUN_005c7220@005c7220 FUN_005d8200@005d8200 FUN_005d8480@005d8480
PedGetMoney	005c9110	77	FUN_005c7220@005c7220 FUN_005d8200@005d8200 FUN_005d8460@005d8460
PedGetName	005cef60	80	FUN_005c7220@005c7220 FUN_005d8200@005d8200 thunk_FUN_0073b3b0@005d84a0
PedGetNameHashID	005cef00	91	FUN_00576d80@00576d80 FUN_005c7220@005c7220 FUN_005d8200@005d8200 FUN_005d8460@005d8460
PedGetNodeTime	005cb980	64	FUN_005c7220@005c7220 FUN_005d8200@005d8200 FUN_005d8480@005d8480
PedGetOffsetInWorldCoords	005ce500	302	FUN_00414560@00414560 FUN_005c7220@005c7220 FUN_005d81c0@005d81c0 FUN_005d8200@005d8200 FUN_005d82a0@005d82a0 FUN_005d8480@005d8480 FUN_008b5f90@008b5f90
PedGetPedCountWithModel	005cea80	103	FUN_005d8200@005d8200 FUN_005d8460@005d8460
PedGetPedToTypeAttitude	005cb4d0	106	FUN_00475230@00475230 FUN_005c7220@005c7220 FUN_005d8200@005d8200 FUN_005d8460@005d8460
PedGetPosXYZ	005c83d0	205	FUN_005c7220@005c7220 FUN_005d8200@005d8200 FUN_005d8480@005d8480 FUN_005db7e0@005db7e0
PedGetRandomModelId	005c6540	99	FUN_0049c0e0@0049c0e0 FUN_005d8240@005d8240 FUN_005d8460@005d8460
PedGetScenarioObjFlag	005ce680	81	FUN_005c7220@005c7220 FUN_005d8200@005d8200 FUN_005d8450@005d8450
PedGetSpecial	005c9020	67	FUN_005c7220@005c7220 FUN_005d8200@005d8200 FUN_005d8460@005d8460 FUN_0085c6f0@0085c6f0
PedGetTargetPed	005cb600	101	FUN_00496fb0@00496fb0 FUN_005c7220@005c7220 FUN_005d8200@005d8200 FUN_005d8460@005d8460
PedGetTypeToTypeAttitude	005c6b80	69	FUN_0046f6e0@0046f6e0 FUN_005d8200@005d8200 FUN_005d8460@005d8460
PedGetUniqueModelStatus	005cdef0	64	FUN_00522780@00522780 FUN_005d8200@005d8200 FUN_005d8460@005d8460
PedGetVehicleWhoHitMeLast	005c8cf0	139	FUN_0044c970@0044c970 FUN_004ce540@004ce540 FUN_005c7220@005c7220 FUN_005d8200@005d8200 FUN_005d8460@005d8460
PedGetWeapon	005ce070	97	FUN_005c7220@005c7220 FUN_005d8200@005d8200 FUN_005d8460@005d8460
PedGetWhoHitMeLast	005c8c60	134	FUN_005c7220@005c7220 FUN_005d8200@005d8200 FUN_005d8460@005d8460
PedGrappleDamage			pas de table
PedGroundDist			pas de table
PedGroundDistCond			pas de table
PedGuardPed	005cffb0	118	FUN_00465680@00465680 FUN_00465690@00465690 FUN_005c7220@005c7220 FUN_005d8200@005d8200
PedHasAggressed	005cdff0	75	FUN_005c7220@005c7220 FUN_005d8200@005d8200 FUN_005d8450@005d8450
PedHasAlly	005cd730	93	FUN_005c7220@005c7220 FUN_005d8200@005d8200 FUN_005d8450@005d8450
PedHasAllyFollower	005cd7e0	79	FUN_005c7220@005c7220 FUN_005d8200@005d8200 FUN_005d8450@005d8450
PedHasAllyLeader	005cd790	79	FUN_005c7220@005c7220 FUN_005d8200@005d8200 FUN_005d8450@005d8450
PedHasGeneratedStimulusOfType	005cbac0	132	FUN_004a5b80@004a5b80 FUN_004a6000@004a6000 FUN_005c60f0@005c60f0 FUN_005c7220@005c7220 FUN_005d8200@005d8200 FUN_005d8450@005d8450
PedHasJustKilledPedOfType	005cba20	148	FUN_004a5b80@004a5b80 FUN_004a6000@004a6000 FUN_005c7220@005c7220 FUN_005d8200@005d8200 FUN_005d8450@005d8450
PedHasNumAttackers			pas de table
PedHasPOI	005cbf90	82	FUN_005c7220@005c7220 FUN_005d8200@005d8200 FUN_005d8450@005d8450
PedHasReceivedGift	005cdca0	54	FUN_005c7220@005c7220 FUN_005d8200@005d8200 FUN_005d8450@005d8450
PedHasWeapon	005cd160	103	FUN_005c7220@005c7220 FUN_005d8200@005d8200 FUN_005d8450@005d8450
PedHideHealthBar	005c6770	33	FUN_00553690@00553690
PedIgnoreAttackCone	005cbc20	65	FUN_005c7220@005c7220 FUN_005d8200@005d8200 FUN_005d8f20@005d8f20
PedIgnoreAttacks	005ca320	65	FUN_005c7220@005c7220 FUN_005d8200@005d8200 FUN_005d8f20@005d8f20
PedIgnoreStimuli	005ca370	65	FUN_005c7220@005c7220 FUN_005d8200@005d8200 FUN_005d8f20@005d8f20
PedInConversation	005ca2c0	93	FUN_005c7220@005c7220 FUN_005d8200@005d8200 FUN_005d8450@005d8450 FUN_00683de0@00683de0
PedInRectangle	005ca3c0	458	FUN_005c7220@005c7220 FUN_005d8200@005d8200 FUN_005d82a0@005d82a0 FUN_005d8450@005d8450
PedIsAlerted	005cca90	495	FUN_00414a20@00414a20 FUN_0048c330@0048c330 FUN_0048d320@0048d320 FUN_004a5940@004a5940 FUN_004a6050@004a6050 FUN_005c7220@005c7220 FUN_005d8200@005d8200 FUN_005d8450@005d8450 FUN_0073ad50@0073ad50 FUN_0085c4d0@0085c4d0
PedIsAnimFlagSet	005c8870	80	FUN_005c7220@005c7220 FUN_005d8200@005d8200 FUN_005d8450@005d8450
PedIsCurrentAnim	005c8830	51	FUN_005c7220@005c7220 FUN_005d8200@005d8200 FUN_005d8450@005d8450
PedIsDead	005c8f30	96	FUN_005c7220@005c7220 FUN_005d81c0@005d81c0 FUN_005d8200@005d8200 FUN_005d8450@005d8450
PedIsDoingTask	005cb8a0	105	FUN_005c7220@005c7220 FUN_005d8200@005d8200 FUN_005d82e0@005d82e0 FUN_005d8450@005d8450 FUN_005d8f20@005d8f20 FUN_005f3bf0@005f3bf0
PedIsDriver			pas de table
PedIsFacingObject	005c8980	186	FUN_005c2770@005c2770 FUN_005c2810@005c2810 FUN_005c6460@005c6460 FUN_005c7220@005c7220 FUN_005d8200@005d8200 FUN_005d82a0@005d82a0 FUN_005d8450@005d8450
PedIsFacingXYZ	005c88c0	179	FUN_005c6460@005c6460 FUN_005c7220@005c7220 FUN_005d8200@005d8200 FUN_005d82a0@005d82a0 FUN_005d8450@005d8450
PedIsFemale	005cebf0	82	FUN_00477c70@00477c70 FUN_005c7220@005c7220 FUN_005d8200@005d8200 FUN_005d8450@005d8450
PedIsHit	005c8a40	165	FUN_005c7220@005c7220 FUN_005d8200@005d8200 FUN_005d8450@005d8450
PedIsInAnyVehicle	005c87d0	92	FUN_005c7220@005c7220 FUN_005d8200@005d8200 FUN_005d8450@005d8450
PedIsInAreaObject	005c85d0	383	FUN_005c2770@005c2770 FUN_005c2810@005c2810 FUN_005c2910@005c2910 FUN_005c7220@005c7220 FUN_005d8200@005d8200 FUN_005d82a0@005d82a0 FUN_005d8450@005d8450 FUN_005d8f20@005d8f20 thunk_FUN_0073ad50@005d8170
PedIsInAreaXYZ	005c84a0	301	FUN_005c2910@005c2910 FUN_005c7220@005c7220 FUN_005d8200@005d8200 FUN_005d82a0@005d82a0 FUN_005d8450@005d8450 thunk_FUN_0073ad50@005d8170
PedIsInCombat	005cdce0	98	FUN_004701f0@004701f0 FUN_005c7220@005c7220 FUN_005d8200@005d8200 FUN_005d8450@005d8450
PedIsInOutfit			pas de table
PedIsInTrigger	005c9930	167	FUN_005c7220@005c7220 FUN_005d8200@005d8200 FUN_005d8450@005d8450 FUN_006d6e50@006d6e50
PedIsInVehicle	005c8750	128	FUN_0044a430@0044a430 FUN_005c7220@005c7220 FUN_005d8200@005d8200 FUN_005d8450@005d8450
PedIsModel	005c92a0	158	FUN_005c7220@005c7220 FUN_005d8200@005d8200 FUN_005d8450@005d8450
PedIsOnScreen	005c9340	78	FUN_00467310@00467310 FUN_005c7220@005c7220 FUN_005d8200@005d8200 FUN_005d8450@005d8450
PedIsOnVehicle	005c8c10	66	FUN_005c7220@005c7220 FUN_005d8200@005d8200 FUN_005d8450@005d8450
PedIsPedInBox	005cf110	303	FUN_00414bd0@00414bd0 FUN_0046dbd0@0046dbd0 FUN_005646e0@005646e0 FUN_00565ad0@00565ad0 FUN_005c7220@005c7220 FUN_005d8200@005d8200 FUN_005d82a0@005d82a0 FUN_005d8450@005d8450
PedIsPlayer	005c98c0	97	FUN_005c7220@005c7220 FUN_005d8200@005d8200 FUN_005d8450@005d8450
PedIsPlaying	005cb830	105	FUN_005c7220@005c7220 FUN_005d8200@005d8200 FUN_005d82e0@005d82e0 FUN_005d8450@005d8450 FUN_005d8f20@005d8f20 FUN_005f3bf0@005f3bf0
PedIsPropAttached	005ce0e0	255	FUN_004da9e0@004da9e0 FUN_004daa20@004daa20 FUN_0050e7f0@0050e7f0 FUN_005c7220@005c7220 FUN_005d8200@005d8200 FUN_005d82e0@005d82e0 FUN_005d8450@005d8450 __stricmp@0085f5af
PedIsSocializing	005cd9b0	93	FUN_005c7220@005c7220 FUN_005d8200@005d8200 FUN_005d8450@005d8450
PedIsSpotted	005ce1e0	101	FUN_005c7220@005c7220 FUN_005d8200@005d8200 FUN_005d8450@005d8450 FUN_00602dc0@00602dc0
PedIsStandingOnVehicle	005ccf50	147	FUN_0044a430@0044a430 FUN_005c7220@005c7220 FUN_005d8200@005d8200 FUN_005d8450@005d8450
PedIsTargetable	005ceaf0	249	FUN_004d5990@004d5990 FUN_004d6cd0@004d6cd0 FUN_004d79a0@004d79a0 FUN_004f1100@004f1100 FUN_005c7220@005c7220 FUN_005d8200@005d8200 FUN_005d8450@005d8450
PedIsTrigger			pas de table
PedIsUsingProp	005cec50	79	FUN_005c7220@005c7220 FUN_005d8200@005d8200 FUN_005d8450@005d8450
PedIsValid	005c9860	91	FUN_005c7220@005c7220 FUN_005d81c0@005d81c0 FUN_005d8200@005d8200 FUN_005d8450@005d8450
PedIsWantingToSocialize	005cda10	93	FUN_005c7220@005c7220 FUN_005d8200@005d8200 FUN_005d8450@005d8450
PedJoinCombatZone	005ce920	185	FUN_00487a70@00487a70 FUN_005c7220@005c7220 FUN_005d8200@005d8200 FUN_005d8450@005d8450
PedJump	005cd1d0	194	FUN_00471240@00471240 FUN_005c6070@005c6070 FUN_005c6d30@005c6d30 FUN_005c7220@005c7220 FUN_005d8200@005d8200 FUN_005d8240@005d8240 FUN_005d82b0@005d82b0 thunk_FUN_005ee6d0@005ee930
PedLeaveCombatZone	005ce9e0	57	FUN_00486c00@00486c00 FUN_00487a20@00487a20 FUN_005c7220@005c7220 FUN_005d8200@005d8200
PedLockTarget	005cb060	205	FUN_004969a0@004969a0 FUN_00497d20@00497d20 FUN_004989c0@004989c0 FUN_005c7220@005c7220 FUN_005d81c0@005d81c0 FUN_005d8200@005d8200 FUN_005d8fa0@005d8fa0
PedMakeAmbient	005ca850	29	FUN_005ca7b0@005ca7b0 FUN_005d8200@005d8200
PedMakeAmbientKeepResources	005ca870	29	FUN_005ca7b0@005ca7b0 FUN_005d8200@005d8200
PedMakeMissionChar	005ca890	74	FUN_0047b690@0047b690 FUN_005c7220@005c7220 FUN_005d8200@005d8200 FUN_005d94d0@005d94d0 FUN_005db7e0@005db7e0
PedMakeTargetable	005ca980	69	FUN_005c7220@005c7220 FUN_005d8200@005d8200 FUN_005d8f20@005d8f20
PedMePlaying	005cb910	107	FUN_005c7220@005c7220 FUN_005d8200@005d8200 FUN_005d82e0@005d82e0 FUN_005d8450@005d8450 FUN_005d8f20@005d8f20 FUN_005f4840@005f4840
PedMgr			pas de table
PedModel			pas de table
PedModelCreateGiftRequirement	005c0d40	222	FUN_00576d80@00576d80 FUN_005d81e0@005d81e0 FUN_005d8200@005d8200 FUN_005d82e0@005d82e0 FUN_005d8f20@005d8f20 FUN_006a9880@006a9880 FUN_0073ad50@0073ad50
PedModelID			pas de table
PedModelNotNeededAmbient	005ce470	55	FUN_0052fcf0@0052fcf0 FUN_005c7220@005c7220 FUN_005d8200@005d8200
PedMoveToObject	005c7fe0	259	FUN_004707a0@004707a0 FUN_00471240@00471240 FUN_005c2770@005c2770 FUN_005c6180@005c6180 FUN_005c7220@005c7220 FUN_005d8200@005d8200 FUN_005d82b0@005d82b0 FUN_005d8fa0@005d8fa0 FUN_005d9f00@005d9f00 thunk_FUN_005ee6d0@005ee930
PedMoveToPoint	005c7df0	474	FUN_00463450@00463450 FUN_00470460@00470460 FUN_00471240@00471240 FUN_005c7220@005c7220 FUN_005d8200@005d8200 FUN_005d8240@005d8240 FUN_005d82b0@005d82b0 FUN_005d8fa0@005d8fa0 FUN_005d9f00@005d9f00 FUN_006d5860@006d5860 FUN_006d58a0@006d58a0 FUN_006d6300@006d6300 thunk_FUN_005ee6d0@005ee930
PedMoveToXYZ	005c7c90	340	FUN_00463350@00463350 FUN_00470460@00470460 FUN_00471240@00471240 FUN_005c6180@005c6180 FUN_005c7220@005c7220 FUN_005d81c0@005d81c0 FUN_005d8200@005d8200 FUN_005d82a0@005d82a0 FUN_005d82b0@005d82b0 FUN_005d8fa0@005d8fa0 thunk_FUN_005ee6d0@005ee930 thunk_FUN_0073ad50@005d8170
PedNearPropSocket			pas de table
PedOnBikePathSmoothing	005cd970	55	FUN_005c7220@005c7220 FUN_005d8200@005d8200 FUN_005d82a0@005d82a0
PedOut			pas de table
PedOverrideActionTreeReference	005c6920	244	FUN_005c6030@005c6030 FUN_005d82e0@005d82e0 FUN_005f5550@005f5550 FUN_005f59b0@005f59b0 FUN_005f6510@005f6510 FUN_005f6b80@005f6b80 _memset@0085b380
PedOverrideSocialResponseToStimulus	005caef0	73	FUN_005c7220@005c7220 FUN_005d8200@005d8200
PedOverrideStat	005c9070	77	FUN_00476fa0@00476fa0 FUN_005c7220@005c7220 FUN_005d8200@005d8200
PedPassBall	005c9e80	147	FUN_00471240@00471240 FUN_00471840@00471840 FUN_005c7220@005c7220 FUN_005d8200@005d8200 thunk_FUN_005ee6d0@005ee930
PedPathNodeReachedDistance	005cd930	62	FUN_005c7220@005c7220 FUN_005d8200@005d8200 FUN_005d82a0@005d82a0
PedPickup	005ccd60	131	FUN_0046f940@0046f940 FUN_00471240@00471240 FUN_005c7220@005c7220 FUN_005d8200@005d8200 thunk_FUN_005ee6d0@005ee930
PedPlayCatch	005c9de0	147	FUN_00471240@00471240 FUN_00471770@00471770 FUN_005c7220@005c7220 FUN_005d8200@005d8200 thunk_FUN_005ee6d0@005ee930
PedPlayHitReaction	005cc270	143	FUN_0047b6b0@0047b6b0 FUN_005c7220@005c7220 FUN_005d8200@005d8200 FUN_005d82a0@005d82a0
PedProcessControl			pas de table
PedProcessControlNoAct			pas de table
PedPropsActions			pas de table
PedPutOnBike	005d0260	242	FUN_0041c390@0041c390 FUN_0044a430@0044a430 FUN_00473fa0@00473fa0 FUN_004764f0@004764f0 FUN_004bde30@004bde30 FUN_004cade0@004cade0 FUN_005c7220@005c7220 FUN_005d8200@005d8200
PedReceiveBall	005c9f20	152	FUN_00471240@00471240 FUN_00471910@00471910 FUN_005c7220@005c7220 FUN_005d8200@005d8200 FUN_005d82a0@005d82a0 FUN_0085c6f0@0085c6f0 thunk_FUN_005ee6d0@005ee930
PedRecruitAlly	005cd550	124	FUN_00485fa0@00485fa0 FUN_005c7220@005c7220 FUN_005d8200@005d8200 FUN_005d8f20@005d8f20 FUN_0073ad50@0073ad50
PedRegisterSocialCallback	005caf40	84	FUN_005c7220@005c7220 FUN_005d8200@005d8200 FUN_005d9f00@005d9f00
PedRelativeControls			pas de table
PedRemoveBroadcastStimulus	005c6e20	24	FUN_004a6190@004a6190 FUN_005d8200@005d8200
PedRemoveCurrentObjective	005cb440	50	FUN_00470170@00470170 FUN_005c7220@005c7220 FUN_005d8200@005d8200
PedRemovePedFromIgnoreList	005cb730	92	FUN_0048bfa0@0048bfa0 FUN_005c7220@005c7220 FUN_005d8200@005d8200
PedRemoveStimulus	005cbb50	124	FUN_004a6680@004a6680 FUN_004a6730@004a6730 FUN_005c7220@005c7220 FUN_005d8200@005d8200 FUN_005d8450@005d8450 FUN_0073ad50@0073ad50
PedRequestModel	005c6320	24	FUN_005c61e0@005c61e0 FUN_005d8200@005d8200
PedReset			pas de table
PedResetAttitudes	005cb540	46	FUN_004730a0@004730a0 FUN_005c7220@005c7220 FUN_005d8200@005d8200
PedResetTrack			pas de table
PedResetTypeAttitudesToDefault	005c6b70	14	FUN_0046f350@0046f350
PedRestoreNumCombatants	005cb9c0	84	FUN_005c7220@005c7220 FUN_005d8200@005d8200
PedRestoreWeaponInventorySnapshot	005cf030	46	FUN_0045d0b0@0045d0b0 FUN_005c7220@005c7220 FUN_005d8200@005d8200
PedRestrictToTrigger	005c99e0	74	FUN_004999e0@004999e0 FUN_005c7220@005c7220 FUN_005d8200@005d8200
PedResumePath	005cfd80	81	FUN_00471be0@00471be0 FUN_005c7220@005c7220 FUN_005cf670@005cf670 FUN_005d81c0@005d81c0 FUN_005d8200@005d8200
PedRooftopAttacker	005ce250	95	FUN_0046fd20@0046fd20 FUN_00471240@00471240 FUN_005c7220@005c7220 FUN_005d8200@005d8200 thunk_FUN_005ee6d0@005ee930
PedSaveWeaponInventorySnapshot	005cf000	46	FUN_0045ca90@0045ca90 FUN_005c7220@005c7220 FUN_005d8200@005d8200
PedSense			pas de table
PedSetActionNode	005ca0d0	138	FUN_00473fa0@00473fa0 FUN_005c7220@005c7220 FUN_005d8200@005d8200 FUN_005d82e0@005d82e0 FUN_005d8450@005d8450 FUN_005dc040@005dc040
PedSetActionTree	005cac20	294	FUN_00473f80@00473f80 FUN_005c7220@005c7220 FUN_005d8200@005d8200 FUN_005d82e0@005d82e0 FUN_005dc040@005dc040 _memset@0085b380
PedSetAIButes	005c6c20	218	FUN_0049a500@0049a500 FUN_005d82e0@005d82e0 FUN_005fa720@005fa720 FUN_005fa760@005fa760 FUN_005fa7b0@005fa7b0 FUN_0072ad50@0072ad50 _strncmp@0085b295
PedSetAITree	005caac0	214	FUN_00473f70@00473f70 FUN_005c7220@005c7220 FUN_005d8200@005d8200 FUN_005d82e0@005d82e0 FUN_005dc040@005dc040
PedSetAllyAutoEngage	005cd6b0	62	FUN_005c7220@005c7220 FUN_005d8200@005d8200 FUN_005d8f20@005d8f20
PedSetAllyBehaviour	005cd8f0	61	FUN_005c7220@005c7220 FUN_005d8200@005d8200 FUN_005d8240@005d8240
PedSetAllyJump	005cd6f0	62	FUN_005c7220@005c7220 FUN_005d8200@005d8200 FUN_005d8f20@005d8f20
PedSetAlpha	005cbf30	87	FUN_00473150@00473150 FUN_005c7220@005c7220 FUN_005d8200@005d8200 FUN_005d8f20@005d8f20
PedSetAlwaysStrafe	005cd120	55	FUN_005c7220@005c7220 FUN_005d8200@005d8200 FUN_005d8f20@005d8f20
PedSetAnim	005ca020	36	FUN_005c7220@005c7220 FUN_005d8200@005d8200
PedSetAntiTetherToPed	005cc8a0	123	FUN_00499a80@00499a80 FUN_005c7220@005c7220 FUN_005d8200@005d8200 FUN_005d82a0@005d82a0
PedSetAntiTetherToPoint	005cc790	269	FUN_00499a40@00499a40 FUN_005c7220@005c7220 FUN_005d8200@005d8200 FUN_005d82a0@005d82a0 FUN_006d5860@006d5860 FUN_006d58a0@006d58a0 FUN_006d6300@006d6300 FUN_0073ad50@0073ad50
PedSetAntiTetherToProp	005cc920	128	FUN_00499a80@00499a80 FUN_005c2770@005c2770 FUN_005c7220@005c7220 FUN_005d8200@005d8200 FUN_005d82a0@005d82a0
PedSetAntiTetherToTrigger	005cc9a0	99	FUN_00499af0@00499af0 FUN_005c7220@005c7220 FUN_005d8200@005d8200
PedSetAntiTetherToXYZ	005cc720	100	FUN_00499a40@00499a40 FUN_005c7220@005c7220 FUN_005d8200@005d8200 FUN_005d82a0@005d82a0 FUN_005d8320@005d8320
PedSetAsleep	005caa30	65	FUN_005c7220@005c7220 FUN_005d8200@005d8200 FUN_005d8f20@005d8f20
PedSetCheap	005ce2b0	62	FUN_005c7220@005c7220 FUN_005d8200@005d8200 FUN_005d8f20@005d8f20
PedSetCheering	005c9250	65	FUN_005c7220@005c7220 FUN_005d8200@005d8200 FUN_005d8f20@005d8f20
PedSetCombatZoneMask	005cd0c0	84	FUN_00486110@00486110 FUN_005c7220@005c7220 FUN_005d8200@005d8200 FUN_005d8f20@005d8f20
PedSetControllerID	005c9fc0	87	FUN_005c7220@005c7220 FUN_005d8200@005d8200
PedSetConversationStance			pas de table
PedSetConversationStanceTrack			pas de table
PedSetDamageGivenMultiplier	005cf300	75	FUN_005c7220@005c7220 FUN_005d8200@005d8200 FUN_005d82a0@005d82a0
PedSetDamageTakenMultiplier	005cf3b0	75	FUN_005c7220@005c7220 FUN_005d8200@005d8200 FUN_005d82a0@005d82a0
PedSetDefaultTypeToTypeAttitude	005c6b30	58	FUN_0046f7a0@0046f7a0 FUN_005d8200@005d8200
PedSetEffectedByGravity	005cd420	73	FUN_00474ac0@00474ac0 FUN_005c7220@005c7220 FUN_005d8200@005d8200 FUN_005d8f20@005d8f20
PedSetEmotionTowardsPed	005cdae0	135	FUN_0048f080@0048f080 FUN_005c7220@005c7220 FUN_005d8200@005d8200 FUN_005d8f20@005d8f20 FUN_0073ad50@0073ad50
PedSetEntityFlag	005cc170	75	FUN_005c7220@005c7220 FUN_005d8200@005d8200 FUN_005d8f20@005d8f20
PedSetFaction	005cb570	67	FUN_005c7220@005c7220 FUN_005d8200@005d8200
PedSetFightingSystem	005ca590	61	FUN_005c7220@005c7220 FUN_005d8200@005d8200
PedSetFlag	005cc0b0	91	FUN_005c7220@005c7220 FUN_005d8200@005d8200 FUN_005d8f20@005d8f20
PedSetFocus	005ca9d0	93	FUN_0048c370@0048c370 FUN_005c7220@005c7220 FUN_005d8200@005d8200
PedSetGlobalAttitude_IgnoreTruants	005c6c00	25	FUN_005d8fa0@005d8fa0
PedSetGlobalAttitude_Rumble	005c6bd0	47	FUN_005d8fa0@005d8fa0
PedSetGlobalSleep	005c6e40	23	FUN_005d8f20@005d8f20
PedSetGrappleTarget	005ce8b0	109	FUN_00474360@00474360 FUN_005c7220@005c7220 FUN_005d8180@005d8180 FUN_005d8200@005d8200
PedSetHealth	005c8e80	109	FUN_00478190@00478190 FUN_005c7220@005c7220 FUN_005d8200@005d8200 FUN_005d82a0@005d82a0
PedSetHealthBarQuiet	005c67c0	67	FUN_005d8f20@005d8f20 thunk_FUN_0073ad50@005d8170
PedSetHitRecordDamage	005c97c0	78	FUN_005c7220@005c7220 FUN_005d8200@005d8200 FUN_005d82a0@005d82a0
PedSetImmortalFlag	005ce6e0	65	FUN_005c7220@005c7220 FUN_005d8200@005d8200 FUN_005d8f20@005d8f20
PedSetInfiniteSprint	005cde60	65	FUN_005c7220@005c7220 FUN_005d8200@005d8200 FUN_005d8f20@005d8f20
PedSetInvulnerable	005c9160	65	FUN_005c7220@005c7220 FUN_005d8200@005d8200 FUN_005d8f20@005d8f20
PedSetInvulnerableToPlayer	005c9200	65	FUN_005c7220@005c7220 FUN_005d8200@005d8200 FUN_005d8f20@005d8f20
PedSetIsStealthMissionPed	005d0110	75	FUN_005c7220@005c7220 FUN_005d0080@005d0080 FUN_005d8200@005d8200 FUN_005d8fa0@005d8fa0
PedSetMaxHealth	005c8de0	62	FUN_005c7220@005c7220 FUN_005d8200@005d8200 FUN_005d82a0@005d82a0
PedSetMinEngage	005cb790	62	FUN_005c7220@005c7220 FUN_005d8200@005d8200 FUN_005d82a0@005d82a0
PedSetMinHealth	005c8ef0	62	FUN_005c7220@005c7220 FUN_005d8200@005d8200 FUN_005d82a0@005d82a0
PedSetMissionCritical	005cca10	117	FUN_005c7220@005c7220 FUN_005d8200@005d8200 FUN_005d8f20@005d8f20 FUN_005d8fa0@005d8fa0 FUN_005d9af0@005d9af0 FUN_005d9f00@005d9f00
PedSetMoney	005c90c0	68	FUN_00475150@00475150 FUN_005c7220@005c7220 FUN_005d8200@005d8200
PedSetNoDamageNextFall	005cf400	65	FUN_005c7220@005c7220 FUN_005d8200@005d8200 FUN_005d8f20@005d8f20
PedSetNumCombatants	005cb7d0	90	FUN_005c7220@005c7220 FUN_005d8200@005d8200
PedSetObjectiveRemovedCallback	005ce4b0	73	FUN_005c7220@005c7220 FUN_005d81c0@005d81c0 FUN_005d8200@005d8200 FUN_005d9e70@005d9e70
PedSetPedToTypeAttitude	005cb480	77	FUN_00473080@00473080 FUN_005c7220@005c7220 FUN_005d8200@005d8200
PedSetPOI	005cbff0	117	FUN_004472c0@004472c0 FUN_00448c70@00448c70 FUN_005c7220@005c7220 FUN_005d8200@005d8200 FUN_005d8fa0@005d8fa0
PedSetPosPoint	005c82c0	271	FUN_004755e0@004755e0 FUN_005c7220@005c7220 FUN_005c74a0@005c74a0 FUN_005d8200@005d8200 FUN_006d5860@006d5860 FUN_006d58a0@006d58a0 FUN_006d6300@006d6300 FUN_0073ad50@0073ad50
PedSetPosXYZ	005c8250	101	FUN_005c7220@005c7220 FUN_005c74a0@005c74a0 FUN_005d8200@005d8200 FUN_005d82a0@005d82a0
PedSetProjDest	005cd470	137	FUN_0048bd40@0048bd40 FUN_005c7220@005c7220 FUN_005d8200@005d8200 FUN_005d82a0@005d82a0
PedSetProjectileLifetime	005ccc80	69	FUN_005c7220@005c7220 FUN_005d8200@005d8200 FUN_005d82a0@005d82a0
PedSetPunishmentPoints	005ccdf0	61	FUN_004773d0@004773d0 FUN_005c7220@005c7220 FUN_005d8200@005d8200 FUN_005d8240@005d8240
PedSetRemoveOwnedProj	005c91b0	65	FUN_005c7220@005c7220 FUN_005d8200@005d8200 FUN_005d8f20@005d8f20
PedSetRequiredGift	005cdc20	117	FUN_00474940@00474940 FUN_004749e0@004749e0 FUN_0047d060@0047d060 FUN_005c7220@005c7220 FUN_005d8200@005d8200 FUN_005d8fa0@005d8fa0
PedSetScenarioObjFlag	005ce630	65	FUN_005c7220@005c7220 FUN_005d8200@005d8200 FUN_005d8f20@005d8f20
PedSetSeasonalModels	005c7070	29	FUN_004543f0@004543f0 FUN_005d8200@005d8200
PedSetSocialSubtitlesEnable	005c6e60	23	FUN_005d8f20@005d8f20
PedSetSpecial	005c8fe0	64	FUN_00474200@00474200 FUN_005c7220@005c7220 FUN_005d8200@005d8200
PedSetSpecialRate	005c8f90	76	FUN_004741f0@004741f0 FUN_005c7220@005c7220 FUN_005d8200@005d8200 FUN_005d82a0@005d82a0
PedSetStationary	005c7950	62	FUN_005c7220@005c7220 FUN_005d8200@005d8200 FUN_005d8f20@005d8f20
PedSetStatsType	005caba0	115	FUN_00478e30@00478e30 FUN_00499fa0@00499fa0 FUN_005c7220@005c7220 FUN_005d8200@005d8200 FUN_005d82e0@005d82e0
PedSetStealthBehavior	005d0160	249	FUN_00548aa0@00548aa0 FUN_0054a460@0054a460 FUN_0054a740@0054a740 FUN_005c7220@005c7220 FUN_005d7f80@005d7f80 FUN_005d8200@005d8200 FUN_005d8240@005d8240 FUN_005d9f00@005d9f00
PedSetStealthVisionHeight	005cdfb0	62	FUN_005c7220@005c7220 FUN_005d8200@005d8200 FUN_005d82a0@005d82a0
PedSetTaskNode	005ca050	118	FUN_00473f90@00473f90 FUN_005c7220@005c7220 FUN_005d8200@005d8200 FUN_005d82e0@005d82e0 FUN_005d8450@005d8450
PedSetTetherMoveToCenter	005cc640	70	FUN_005c7220@005c7220 FUN_005d8200@005d8200 FUN_005d8f20@005d8f20
PedSetTetherMoveToTarget	005cc5f0	70	FUN_005c7220@005c7220 FUN_005d8200@005d8200 FUN_005d8f20@005d8f20
PedSetTetherSpeed	005cc690	72	FUN_005c6120@005c6120 FUN_005c7220@005c7220 FUN_005d8200@005d8200
PedSetTetherToPed	005cc480	123	FUN_00499960@00499960 FUN_005c7220@005c7220 FUN_005d8200@005d8200 FUN_005d82a0@005d82a0
PedSetTetherToPoint	005cc370	269	FUN_00499910@00499910 FUN_005c7220@005c7220 FUN_005d8200@005d8200 FUN_005d82a0@005d82a0 FUN_006d5860@006d5860 FUN_006d58a0@006d58a0 FUN_006d6300@006d6300 FUN_0073ad50@0073ad50
PedSetTetherToProp	005cc500	128	FUN_00499960@00499960 FUN_005c2770@005c2770 FUN_005c7220@005c7220 FUN_005d8200@005d8200 FUN_005d82a0@005d82a0
PedSetTetherToTrigger	005cc580	99	FUN_004999e0@004999e0 FUN_005c7220@005c7220 FUN_005d8200@005d8200
PedSetTetherToXYZ	005cc300	100	FUN_00499910@00499910 FUN_005c7220@005c7220 FUN_005d8200@005d8200 FUN_005d82a0@005d82a0 FUN_005d8320@005d8320
PedSetTypeToTypeAttitude	005c6af0	58	FUN_0046f760@0046f760 FUN_005d8200@005d8200
PedSetUniqueModelStatus	005cdeb0	57	FUN_005d8200@005d8200
PedSetUsesCollisionScripted	005ce2f0	66	FUN_005c7220@005c7220 FUN_005d8200@005d8200 FUN_005d8f20@005d8f20
PedSetWantsToSocializeWithPed	005cdb70	116	FUN_00492490@00492490 FUN_005c7220@005c7220 FUN_005d8200@005d8200 FUN_005d8240@005d8240 FUN_005d8fa0@005d8fa0
PedSetWeapon	005c9390	354	FUN_0045cdf0@0045cdf0 FUN_0045cee0@0045cee0 FUN_0045cf70@0045cf70 FUN_0051b300@0051b300 FUN_0055c6f0@0055c6f0 FUN_005c7220@005c7220 FUN_005d8200@005d8200 FUN_005d8f20@005d8f20 FUN_00728150@00728150 FUN_0073ad50@0073ad50
PedSetWeaponFlag	005cf090	113	FUN_005c7220@005c7220 FUN_005d8200@005d8200 FUN_005d8f20@005d8f20
PedSetWeaponNow	005c9500	179	FUN_005c7220@005c7220 FUN_005c9390@005c9390 FUN_005d8200@005d8200 FUN_005f4490@005f4490 FUN_005f49a0@005f49a0 FUN_005f4fc0@005f4fc0 FUN_005f59b0@005f59b0
PedSetWorldAnchor	005c81a0	169	FUN_00412670@00412670 FUN_00412ad0@00412ad0 FUN_00413920@00413920 FUN_00473380@00473380 FUN_005c7220@005c7220 FUN_005d8200@005d8200 FUN_005d82a0@005d82a0
PedShowHealthBar	005ca5d0	315	FUN_00551380@00551380 FUN_005513b0@005513b0 FUN_00553690@00553690 FUN_005c7220@005c7220 FUN_005d8200@005d8200 FUN_005d82e0@005d82e0 FUN_005d8f20@005d8f20 FUN_0073ad50@0073ad50
PedShowHealthBarInFPmode	005c67a0	32	FUN_005d8f20@005d8f20
PedSocialKeepAlive	005cafa0	52	FUN_005c7220@005c7220 FUN_005d8200@005d8200
PedSocialOverrideLoad	005c6a20	201	FUN_005c6030@005c6030 FUN_005d8200@005d8200 FUN_005d82e0@005d82e0 FUN_005d9130@005d9130 FUN_005db7e0@005db7e0 FUN_005f5550@005f5550 FUN_005f59b0@005f59b0 FUN_005f6510@005f6510 FUN_005f6b80@005f6b80 _memset@0085b380
PedSpawnRandomPed	005c7090	232	FUN_0049c0e0@0049c0e0 FUN_0049d710@0049d710 FUN_0049f570@0049f570 FUN_005d8240@005d8240 FUN_005d8370@005d8370 FUN_005d8460@005d8460
PedSphereHit			pas de table
PedStartConversation	005ca1b0	264	FUN_0046ddc0@0046ddc0 FUN_005d8200@005d8200 FUN_005d82e0@005d82e0 FUN_005d8450@005d8450 FUN_00683d60@00683d60 FUN_00683d70@00683d70 FUN_00685af0@00685af0 FUN_0073ad50@0073ad50
PedStop	005c7630	120	FUN_0046fb10@0046fb10 FUN_004701b0@004701b0 FUN_00470200@00470200 FUN_005c7220@005c7220 FUN_005d8200@005d8200 FUN_005f3f40@005f3f40 thunk_FUN_005ee6d0@005ee930
PedStopSocializing	005cdbf0	46	FUN_00490f50@00490f50 FUN_005c7220@005c7220 FUN_005d8200@005d8200
PedSwapModel	005c9a70	141	FUN_0051c040@0051c040 FUN_005c7220@005c7220 FUN_005d8200@005d8200 FUN_005d82e0@005d82e0
PedTarget			pas de table
PedTargetPAnim	005cfe50	350	FUN_00465690@00465690 FUN_004711b0@004711b0 FUN_00497d20@00497d20 FUN_004989c0@004989c0 FUN_0049a500@0049a500 FUN_004ea270@004ea270 FUN_005c7220@005c7220 FUN_005d81c0@005d81c0 FUN_005d81e0@005d81e0 FUN_005d8200@005d8200 FUN_005d82e0@005d82e0 FUN_005fa7b0@005fa7b0 FUN_0073ad50@0073ad50
PedTargetVehicle	005cce80	195	FUN_0044a430@0044a430 FUN_004969a0@004969a0 FUN_00497d20@00497d20 FUN_004d7890@004d7890 FUN_005c7220@005c7220 FUN_005d81c0@005d81c0 FUN_005d8200@005d8200 FUN_005d8fa0@005d8fa0
PedTaskController			pas de table
PedTaskControllerUpdate			pas de table
PedType			pas de table
PedUseProp	005ce790	273	FUN_00471240@00471240 FUN_004716c0@004716c0 FUN_005c7220@005c7220 FUN_005d8200@005d8200 FUN_005d8580@005d8580 FUN_005d8fa0@005d8fa0 FUN_006d7870@006d7870 thunk_FUN_005ee6d0@005ee930
PedUseSocialOverride	005caea0	75	FUN_005c7220@005c7220 FUN_005d8200@005d8200 FUN_005d8fa0@005d8fa0
PedUsing			pas de table
PedUsingDoor			pas de table
PedVelocity			pas de table
PedVelocityCond			pas de table
PedWander	005c7990	131	FUN_0046fb30@0046fb30 FUN_004701b0@004701b0 FUN_005c6180@005c6180 FUN_005c7220@005c7220 FUN_005d8200@005d8200 thunk_FUN_005ee6d0@005ee930
PedWarpIntoCar	005cccd0	85	FUN_0044a430@0044a430 FUN_0049a320@0049a320 FUN_005c7220@005c7220 FUN_005d8200@005d8200 FUN_005d8240@005d8240
PedWarpOutOfCar	005ccd30	46	FUN_0049a2a0@0049a2a0 FUN_005c7220@005c7220 FUN_005d8200@005d8200
PlayerActivateCombatSphere	005d1850	47	FUN_005c7220@005c7220 FUN_005d8f20@005d8f20
PlayerAddMoney	005d19f0	75	FUN_00472fb0@00472fb0 FUN_004751d0@004751d0 FUN_005d8200@005d8200 FUN_005d8f20@005d8f20 FUN_0073ad50@0073ad50
PlayerAwarenessButes			pas de table
PlayerButes			pas de table
PlayerChangePhysicalState	005d1ea0	59	FUN_00445ce0@00445ce0 FUN_005d8f20@005d8f20
PlayerClearLastVehicle	005d2130	22	
PlayerClearRewardStore	005d20e0	57	
PlayerCreateXYZ	005d2b80	72	FUN_005d2960@005d2960 FUN_005d82a0@005d82a0 FUN_005d8460@005d8460
PlayerDetachFromVehicle	005d16f0	106	FUN_004ce810@004ce810 FUN_005c7220@005c7220 FUN_005f3f40@005f3f40 FUN_00683d90@00683d90
PlayerDismountBike	005d1760	58	FUN_004ce540@004ce540 FUN_005c7220@005c7220 FUN_005f3930@005f3930
PlayerFaceHeading	005d25b0	97	FUN_004755e0@004755e0 FUN_005c7220@005c7220 FUN_005d21a0@005d21a0 FUN_005d8200@005d8200 FUN_005d82a0@005d82a0
PlayerFaceHeadingNow	005c7360	83	FUN_00443950@00443950 FUN_004755e0@004755e0 FUN_005d82a0@005d82a0 FUN_006c9990@006c9990
PlayerFellAsleep	005d1e60	60	FUN_005d8450@005d8450
PlayerFixToBackOfVehicle	005d2700	269	FUN_0044a430@0044a430 FUN_00465680@00465680 FUN_0046fc80@0046fc80 FUN_00470200@00470200 FUN_00471320@00471320 FUN_00473150@00473150 FUN_004f2ad0@004f2ad0 FUN_005c7220@005c7220 FUN_005d8200@005d8200 FUN_005d8f20@005d8f20 thunk_FUN_005ee6d0@005ee930
PlayerGetBikeId	005d1b00	52	FUN_0044c970@0044c970 FUN_005d8460@005d8460
PlayerGetHealth	005d17a0	48	FUN_005c7220@005c7220 FUN_005d8480@005d8480
PlayerGetLastBikeId	005d1b40	52	FUN_0044c970@0044c970 FUN_005d8460@005d8460
PlayerGetMoney	005d1a40	31	FUN_005d8460@005d8460
PlayerGetNumberOfItemsAllowed	005d2b00	127	FUN_0045cdf0@0045cdf0 FUN_00541cb0@00541cb0 FUN_005d8200@005d8200 FUN_005d8450@005d8450 FUN_005d8460@005d8460
PlayerGetNumTimesBusted	005d1cf0	37	FUN_005d8460@005d8460
PlayerGetPedIndex	005d5260	21	FUN_005d8460@005d8460
PlayerGetPhysicalState	005d1ee0	27	FUN_005d8460@005d8460
PlayerGetPosXYZ	005d2510	160	FUN_005c7220@005c7220 FUN_005d8480@005d8480 FUN_005db7e0@005db7e0
PlayerGetPunishmentPoints	005d1c40	31	FUN_005d8460@005d8460
PlayerGetScriptSavedData	005d1de0	37	FUN_005d8200@005d8200 FUN_005d8460@005d8460
PlayerHasItem	005be1c0	118	FUN_0045cdf0@0045cdf0 FUN_00541d40@00541d40 FUN_005d8200@005d8200 FUN_005d8450@005d8450
PlayerHasItemCount			pas de table
PlayerHasPunishmentOfType			pas de table
PlayerHasPunishmentPoints			pas de table
PlayerHasRequiredGift			pas de table
PlayerHasSpace	00824d30	3	
PlayerHasTarget			pas de table
PlayerHasUnlockedUpgrade	005d1fb0	81	FUN_0045bdd0@0045bdd0 FUN_005d82e0@005d82e0 FUN_005d8450@005d8450
PlayerHasWeapon	005d1d70	54	FUN_005d8200@005d8200 FUN_005d8450@005d8450
PlayerIgnoreTargeting	005d1d50	27	FUN_005d8f20@005d8f20
PlayerIncPunishmentPoints	005d1cc0	39	FUN_005d8200@005d8200
PlayerInTriggerVolume			pas de table
PlayerIsInAnyVehicle	005d16b0	55	FUN_005c7220@005c7220 FUN_005d8450@005d8450
PlayerIsInAreaObject	005d14f0	333	FUN_005c2770@005c2770 FUN_005c2810@005c2810 FUN_005c2910@005c2910 FUN_005d8200@005d8200 FUN_005d82a0@005d82a0 FUN_005d8450@005d8450 FUN_005d8f20@005d8f20 thunk_FUN_0073ad50@005d8170
PlayerIsInAreaXYZ	005d13f0	244	FUN_005c2910@005c2910 FUN_005d8200@005d8200 FUN_005d82a0@005d82a0 FUN_005d8450@005d8450 thunk_FUN_0073ad50@005d8170
PlayerIsInStealthProp	005d1f20	32	FUN_005d8450@005d8450
PlayerIsInTrigger	005d2a30	197	FUN_005c7220@005c7220 FUN_005d81a0@005d81a0 FUN_005d8200@005d8200 FUN_005d8450@005d8450 FUN_006d6e50@006d6e50 FUN_0073ad50@0073ad50
PlayerIsInVehicle	005d1640	105	FUN_0044a430@0044a430 FUN_005c7220@005c7220 FUN_005d8200@005d8200 FUN_005d8450@005d8450
PlayerKilled	005d1e40	30	
PlayerLockButtonInputsExcept	005d1bb0	130	FUN_005d8200@005d8200 FUN_005d8f20@005d8f20 FUN_0073ad50@0073ad50
PlayerPedProcessControl			pas de table
PlayerPutOnBike	005d2c60	221	FUN_0041c390@0041c390 FUN_0044a430@0044a430 FUN_00473fa0@00473fa0 FUN_004764f0@004764f0 FUN_004bde30@004bde30 FUN_004cade0@004cade0 FUN_005c7220@005c7220 FUN_005d8200@005d8200
PlayerRecordAttackTime	005d2910	74	FUN_0048c040@0048c040 FUN_005d8200@005d8200 FUN_0073ad50@0073ad50
PlayerRefreshPhysicalState	005d1f10	13	FUN_004469f0@004469f0
PlayerRegisterSocialCallbackVsPed	005d28b0	87	FUN_005c7220@005c7220 FUN_005d8200@005d8200 FUN_005d9f00@005d9f00
PlayerResetPhysicalState	005d1f00	15	FUN_00445ce0@00445ce0
PlayerScalePunishmentPoints	005d1c90	42	FUN_0044e1c0@0044e1c0 FUN_005d82a0@005d82a0
PlayerSeen			pas de table
PlayerSetClassSkipCount	005d1ac0	27	FUN_005d8200@005d8200
PlayerSetControl	005d12f0	163	FUN_00445c50@00445c50 FUN_00474420@00474420 FUN_0050de50@0050de50 FUN_0050de80@0050de80 FUN_005d8200@005d8200 FUN_005f38e0@005f38e0
PlayerSetEnableFirstPerson	005d1ae0	18	FUN_005d8f20@005d8f20
PlayerSetGrade	005d1e10	39	FUN_005d8200@005d8200
PlayerSetHealth	005d17d0	56	FUN_00478190@00478190 FUN_005c7220@005c7220 FUN_005d82a0@005d82a0
PlayerSetHighRisk	005d1a90	43	FUN_005d8200@005d8200
PlayerSetInvulnerable	005d1810	49	FUN_005c7220@005c7220 FUN_005d8f20@005d8f20
PlayerSetMinPunishmentPoints	005d1f40	36	FUN_005d8200@005d8200
PlayerSetMoney	005d1a60	34	FUN_00475150@00475150 FUN_005d8200@005d8200
PlayerSetPosPoint	005d2310	251	FUN_00415730@00415730 FUN_00433250@00433250 FUN_005d8200@005d8200 FUN_006d5860@006d5860 FUN_006d58a0@006d58a0 FUN_006d6300@006d6300 FUN_0073ad50@0073ad50
PlayerSetPosPointArea	005d2410	245	FUN_00415730@00415730 FUN_00433250@00433250 FUN_005d8200@005d8200 FUN_006d5860@006d5860 FUN_006d58a0@006d58a0 FUN_006d6300@006d6300 FUN_0073ad50@0073ad50
PlayerSetPosSimple	005d2bd0	139	FUN_0041c390@0041c390 FUN_00443950@00443950 FUN_00465610@00465610 FUN_005d82a0@005d82a0
PlayerSetPosXYZ	005d1280	105	FUN_00415fb0@00415fb0 FUN_005d82a0@005d82a0
PlayerSetPosXYZArea	005d2250	182	FUN_00415730@00415730 FUN_005d8200@005d8200 FUN_005d82a0@005d82a0 FUN_0085ceea@0085ceea
PlayerSetPunishmentPoints	005d1c60	34	FUN_004773d0@004773d0 FUN_005d8200@005d8200
PlayerSetScriptSavedData	005d1db0	39	FUN_005d8200@005d8200
PlayerSetTakeDamageWhenAttachedToVehicle	005d1880	49	FUN_005c7220@005c7220 FUN_005d8f20@005d8f20
PlayerSetWeapon	005d18c0	161	FUN_0045cdf0@0045cdf0 FUN_0045cee0@0045cee0 FUN_0045d0f0@0045d0f0 FUN_0055c6f0@0055c6f0 FUN_005d8200@005d8200 FUN_005d8f20@005d8f20 FUN_0073ad50@0073ad50
PlayerShadowRenderExtra			pas de table
PlayerSocialDisableActionAgainstPed	005d2860	71	FUN_005c7220@005c7220 FUN_005d8200@005d8200 FUN_005d8f20@005d8f20
PlayerSocialEnableOverrideAgainstPed	005d2810	71	FUN_005c7220@005c7220 FUN_005d8200@005d8200 FUN_005d8f20@005d8f20
PlayerSocializing			pas de table
PlayerSocializingTrack			pas de table
PlayerSocialOverrideLoad	005d2010	204	FUN_005c6030@005c6030 FUN_005d8200@005d8200 FUN_005d82e0@005d82e0 FUN_005d9180@005d9180 FUN_005db7e0@005db7e0 FUN_005f5550@005f5550 FUN_005f59b0@005f59b0 FUN_005f6510@005f6510 FUN_005f6b80@005f6b80 _memset@0085b380
PlayerSocialSpeechEvent			pas de table
PlayerSocialSpeechEventTrack			pas de table
PlayerStopAllActionControllers	005d13a0	71	FUN_005f3f40@005f3f40
PlayerSuppressFailDisplayOnDeath	005d2120	10	
PlayerSwapModel	005d1970	116	FUN_0051c040@0051c040 FUN_005c7220@005c7220 FUN_005d82e0@005d82e0
PlayerUnequip	005be400	14	FUN_0055c780@0055c780
PlayerUnlockUpgrade	005d1f70	56	FUN_0045c020@0045c020 FUN_005d82e0@005d82e0
PlayerUseSocialOverride			pas de table
PlayerUsing			pas de table
PlayerWeaponHudLock	005d1b80	40	FUN_0055bb20@0055bb20 FUN_005d8f20@005d8f20
PlayerWentToBed			pas de table
SoundAddSpeechPriorityFilter	005d3570	29	FUN_005d8200@005d8200 FUN_008a1f10@008a1f10
SoundAddSpeechPriorityFilterTrack			pas de table
SoundAmbienceOff			pas de table
SoundAmbienceOffTrack			pas de table
SoundAmbienceOn			pas de table
SoundAmbienceOnTrack			pas de table
SoundBank			pas de table
SoundBankInit			pas de table
SoundBoxingCrowdSoundKill	005d4650	14	FUN_0058d970@0058d970
SoundBoxingCrowdSoundPlayBoo	005d4680	14	FUN_0058d7b0@0058d7b0
SoundBoxingCrowdSoundPlayCheer	005d4690	14	FUN_0058d7f0@0058d7f0
SoundBoxingCrowdSoundSetExcitementLevel	005d4660	30	FUN_0058d910@0058d910 FUN_005d8200@005d8200
SoundBoxingCrowdSoundStart	005d4640	14	FUN_0058d930@0058d930
SoundClearScriptedAmbience	005d35e0	14	FUN_00593c70@00593c70
SoundClearSpeechFilter	005d3560	13	FUN_005a0850@005a0850
SoundClearSpeechFilterTrack			pas de table
SoundContinue	005d36d0	15	
SoundCrowdAddExcitement			pas de table
SoundCrowdAddRelax			pas de table
SoundCrowdBoo			pas de table
SoundCrowdCheer			pas de table
SoundDisableSpeech	005d3650	13	FUN_0059fb40@0059fb40
SoundDisableSpeech_ActionTree	005d3670	23	
SoundEmitterEnable	005d34e0	60	FUN_00576d80@00576d80 FUN_00587270@00587270 FUN_005d82e0@005d82e0 FUN_005d8f20@005d8f20
SoundEmitterStart	005d33d0	155	FUN_005866d0@005866d0 FUN_00593c90@00593c90 FUN_00595a30@00595a30 FUN_0059e020@0059e020 FUN_005d82a0@005d82a0 FUN_005d82e0@005d82e0
SoundEmitterStop	005d3470	111	FUN_00587040@00587040 FUN_00595a30@00595a30 FUN_005d82a0@005d82a0 FUN_005d82e0@005d82e0
SoundEnableInteractiveMusic	005d46c0	44	FUN_005d8fa0@005d8fa0
SoundEnableSpeech	005d3660	13	FUN_0059e780@0059e780
SoundEnableSpeech_ActionTree	005d3690	23	
SoundFadeoutAmbience	005d44d0	33	FUN_00591280@00591280 FUN_005d8240@005d8240
SoundFadeoutStream	005d44a0	33	FUN_00591280@00591280 FUN_005d8240@005d8240
SoundFadeWithCamera	005d45a0	56	FUN_0059e490@0059e490 FUN_005d8fa0@005d8fa0
SoundFadeWithCameraTrack			pas de table
SoundFX			pas de table
SoundFX2D			pas de table
SoundFXParametric			pas de table
SoundFXRecycle			pas de table
SoundInitScreamer	005d36b0	13	FUN_00595be0@00595be0
SoundIsPreloadReady	005d3cc0	61	FUN_0058ec70@0058ec70 FUN_0058ecf0@0058ecf0 FUN_005d8450@005d8450
SoundIsSpeechPreloaded	005d39e0	27	FUN_005d8450@005d8450
SoundLoadBank	005d35f0	48	FUN_00597e70@00597e70 FUN_0059a290@0059a290 FUN_005d82e0@005d82e0
SoundLoop			pas de table
SoundLoopPlay2D	005d3d50	70	FUN_00595a30@00595a30 FUN_0059b710@0059b710 FUN_0059bf50@0059bf50 FUN_005d82e0@005d82e0 FUN_005d8f20@005d8f20
SoundLoopPlay3D	005d3da0	151	FUN_00592ec0@00592ec0 FUN_00595a30@00595a30 FUN_0059e020@0059e020 FUN_005d82a0@005d82a0 FUN_005d82e0@005d82e0 FUN_0073ad50@0073ad50
SoundLoopPlayOnPed	005d3f10	160	FUN_005922b0@005922b0 FUN_00592de0@00592de0 FUN_00595a30@00595a30 FUN_0059e020@0059e020 FUN_005c7220@005c7220 FUN_005d8200@005d8200 FUN_005d82e0@005d82e0 FUN_005d8f20@005d8f20 FUN_0073ad50@0073ad50
SoundLoopPlayOnProp	005d3e70	160	FUN_0044a510@0044a510 FUN_005922b0@005922b0 FUN_00592de0@00592de0 FUN_00595a30@00595a30 FUN_0059e020@0059e020 FUN_005d8200@005d8200 FUN_005d82e0@005d82e0 FUN_005d8f20@005d8f20 FUN_0073ad50@0073ad50
SoundLoopStop3D	005d3e40	45	FUN_005922b0@005922b0 FUN_00595a30@00595a30 FUN_005d82e0@005d82e0
SoundLoopTrack			pas de table
SoundMakeEverythingCloser	005d4980	25	FUN_005d8fa0@005d8fa0
SoundMusicJimmyComeToTheOfficePA	005d3520	49	FUN_005d8f20@005d8f20
SoundName			pas de table
SoundParametricTrack			pas de table
SoundPause	005d36c0	15	
SoundPlay2D	005d3d00	70	FUN_00595a30@00595a30 FUN_0059b750@0059b750 FUN_005d82e0@005d82e0
SoundPlay3D	005d3fb0	217	FUN_00595a30@00595a30 FUN_0059b750@0059b750 FUN_0059e020@0059e020 FUN_005d82a0@005d82a0 FUN_005d82e0@005d82e0 FUN_0073ad50@0073ad50
SoundPlay3DIgnoreFade	005d4090	217	FUN_00595a30@00595a30 FUN_0059b750@0059b750 FUN_0059e020@0059e020 FUN_005d82a0@005d82a0 FUN_005d82e0@005d82e0 FUN_0073ad50@0073ad50
SoundPlayAmbience	005d4270	120	FUN_00590320@00590320 FUN_005a6c80@005a6c80 FUN_005a7c10@005a7c10 FUN_005d8240@005d8240 FUN_005d82a0@005d82a0 FUN_005d82e0@005d82e0
SoundPlayAmbientSpeechEvent	005d36e0	198	FUN_005a47d0@005a47d0 FUN_005c7220@005c7220 FUN_005d8200@005d8200 FUN_005d82e0@005d82e0 __stricmp@0085f5af
SoundPlayInteractiveStream	005d42f0	100	FUN_005917b0@005917b0 FUN_005a7c10@005a7c10 FUN_005d8240@005d8240 FUN_005d82a0@005d82a0 FUN_005d82e0@005d82e0
SoundPlayInteractiveStreamLocked	005d4360	100	FUN_005917b0@005917b0 FUN_005a7c10@005a7c10 FUN_005d8240@005d8240 FUN_005d82a0@005d82a0 FUN_005d82e0@005d82e0
SoundPlayMissionEndMusic	005d46f0	553	FUN_005911e0@005911e0 FUN_005d8200@005d8200 FUN_005d8f20@005d8f20
SoundPlayPreloadedSpeech	005d39d0	10	
SoundPlayPreloadedStream	005d3cb0	15	FUN_00590490@00590490
SoundPlayPreloadStream			pas de table
SoundPlayScriptedSpeechEvent	005d37b0	345	FUN_0049a500@0049a500 FUN_0059e020@0059e020 FUN_005a4980@005a4980 FUN_005c7220@005c7220 FUN_005d8200@005d8200 FUN_005d82e0@005d82e0 FUN_005d8460@005d8460 FUN_005d8fa0@005d8fa0 FUN_0073ad50@0073ad50 __stricmp@0085f5af
SoundPlayScriptedSpeechEvent_2D	005d3910	192	FUN_005a4980@005a4980 FUN_005d8200@005d8200 FUN_005d82e0@005d82e0 FUN_005d8460@005d8460 __stricmp@0085f5af
SoundPlayStream	005d41f0	120	FUN_00590320@00590320 FUN_005a6c80@005a6c80 FUN_005a7c10@005a7c10 FUN_005d8240@005d8240 FUN_005d82a0@005d82a0 FUN_005d82e0@005d82e0
SoundPlayStreamNoLoop	005d4170	120	FUN_00590320@00590320 FUN_005a6c80@005a6c80 FUN_005a7c10@005a7c10 FUN_005d8240@005d8240 FUN_005d82a0@005d82a0 FUN_005d82e0@005d82e0
SoundPreloadSpeech	005d4a20	401	FUN_0049a500@0049a500 FUN_0059e020@0059e020 FUN_005a4980@005a4980 FUN_005c7220@005c7220 FUN_005d7db0@005d7db0 FUN_005d8200@005d8200 FUN_005d82e0@005d82e0 FUN_005d8460@005d8460 FUN_005d8fa0@005d8fa0 FUN_0073ad50@0073ad50 __stricmp@0085f5af
SoundPreloadStream	005d3c50	93	FUN_00591230@00591230 FUN_005d8240@005d8240 FUN_005d82a0@005d82a0 FUN_005d82e0@005d82e0
SoundPreloadStreamNoLoop	005d3bf0	93	FUN_00591230@00591230 FUN_005d8240@005d8240 FUN_005d82a0@005d82a0 FUN_005d82e0@005d82e0
SoundPreloadStreamTrack			pas de table
SoundRecycleTrack			pas de table
SoundRemoveAllQueuedSpeech	005d3b50	116	FUN_0059f780@0059f780 FUN_005a5880@005a5880 FUN_005c7220@005c7220 FUN_005d8240@005d8240 FUN_005d8fa0@005d8fa0
SoundRemoveSpeechPriorityFilter	005d3570	29	FUN_005d8200@005d8200 FUN_008a1f10@008a1f10
SoundRemoveSpeechPriorityFilterTrack			pas de table
SoundRestartAmbiences	005d4520	24	
SoundRestartPA	005d4550	12	
SoundSetAudioFocusCamera	005d4580	17	
SoundSetAudioFocusPlayer	005d4560	17	
SoundSetCurrentGoKartRace	005d46a0	25	FUN_005d8240@005d8240
SoundSetHighIntensityStream	005d4420	67	FUN_00592160@00592160 FUN_005a7c10@005a7c10 FUN_005d82a0@005d82a0 FUN_005d82e0@005d82e0
SoundSetMidIntensityStream	005d43d0	67	FUN_00592160@00592160 FUN_005a7c10@005a7c10 FUN_005d82a0@005d82a0 FUN_005d82e0@005d82e0
SoundSetScriptedAmbience	005d3590	80	FUN_00593c30@00593c30 FUN_005d8200@005d8200 FUN_005d82a0@005d82a0 FUN_005d82e0@005d82e0
SoundSetSpeechConversation	00824d30	3	
SoundSetSpeechPriorityFilter	005d3570	29	FUN_005d8200@005d8200 FUN_008a1f10@008a1f10
SoundSetSpeechPriorityFilterTrack			pas de table
SoundSpeechPlaying	005d3a50	252	FUN_005a27b0@005a27b0 FUN_005c7220@005c7220 FUN_005d8240@005d8240 FUN_005d82f0@005d82f0 FUN_005d8450@005d8450 FUN_0073ad50@0073ad50 __stricmp@0085f5af
SoundStartFireAlarm	005d3bd0	13	FUN_005957d0@005957d0
SoundStopAmbiences	005d4500	24	
SoundStopCurrentSpeechEvent	005d3a00	74	FUN_005a5880@005a5880 FUN_005a5c60@005a5c60 FUN_005c7220@005c7220 FUN_005d8200@005d8200 FUN_0073ad50@0073ad50
SoundStopFireAlarm	005d3be0	13	FUN_00594f60@00594f60
SoundStopInteractiveStream	005d4480	26	FUN_00591920@00591920 FUN_005d8240@005d8240
SoundStopPA	005d4540	12	
SoundStopStream	005d4470	15	FUN_00591330@00591330
SoundStream			pas de table
SoundStreamFadeout			pas de table
SoundStreamFadeoutTrack			pas de table
SoundStreamTrack			pas de table
SoundTimedBankLoad			pas de table
SoundTimedBankLoadTrack			pas de table
SoundTrack			pas de table
SoundTrack2D			pas de table
SoundUnLoadBank	005d3620	48	FUN_00597e70@00597e70 FUN_0059a2d0@0059a2d0 FUN_005d82e0@005d82e0
VehicleAnimation			pas de table
VehicleAnimationParametric			pas de table
VehicleAnimationParametricTrack			pas de table
VehicleAnimationTrack			pas de table
VehicleBikeForceBoundingSphereUpdate	005d71f0	84	FUN_005d8200@005d8200 FUN_005d8f20@005d8f20
VehicleBikeGeneratorToggle	005d5f60	36	FUN_004c70b0@004c70b0 FUN_005d8f20@005d8f20
VehicleCamButes			pas de table
VehicleCamShots			pas de table
VehicleColors			pas de table
VehicleCreateCarGenerator	005d5e80	217	FUN_004c7390@004c7390 FUN_005d8200@005d8200 FUN_005d82a0@005d82a0 FUN_005d8460@005d8460 FUN_005d8f20@005d8f20 FUN_005d8fa0@005d8fa0
VehicleCreatePoint	005d7a00	277	FUN_005d7710@005d7710 FUN_005d8200@005d8200 FUN_005d8460@005d8460 FUN_005d9880@005d9880 FUN_005db7e0@005db7e0 FUN_006d5860@006d5860 FUN_006d58a0@006d58a0 FUN_006d6300@006d6300 FUN_0073ad50@0073ad50
VehicleCreateXYZ	005d7ce0	127	FUN_005d7710@005d7710 FUN_005d8200@005d8200 FUN_005d82a0@005d82a0 FUN_005d8460@005d8460 FUN_005d9880@005d9880 FUN_005db7e0@005db7e0
VehicleDelete	005d6290	100	FUN_0045dc20@0045dc20 FUN_0045e540@0045e540 FUN_005d8200@005d8200 FUN_005d98a0@005d98a0 FUN_005db7e0@005db7e0
VehicleDontCleanup	005d6350	82	FUN_004cb0e0@004cb0e0 FUN_005d8200@005d8200 FUN_005d98a0@005d98a0 FUN_005db7e0@005db7e0
VehicleEnableEngine	005d6ff0	79	FUN_005d8200@005d8200 FUN_005d8fa0@005d8fa0
VehicleEnableSiren	005d6d80	83	FUN_004cb0a0@004cb0a0 FUN_005d8200@005d8200 FUN_005d8f20@005d8f20
VehicleFaceHeading	005d6710	119	FUN_00412ad0@00412ad0 FUN_005d8200@005d8200
VehicleFindInAreaXYZ	005d7b90	325	FUN_00414a20@00414a20 FUN_005d82a0@005d82a0 FUN_005d8320@005d8320 FUN_005d8460@005d8460 FUN_005d8fa0@005d8fa0 FUN_0085c4d0@0085c4d0 thunk_FUN_0073b330@005d8530 thunk_FUN_0073b630@005d8540 thunk_FUN_0073b7d0@005d8550
VehicleFindRandomSpawnPosition	005d7250	644	FUN_00440720@00440720 FUN_0045e270@0045e270 FUN_00463450@00463450 FUN_005d8200@005d8200 FUN_005d84b0@005d84b0 FUN_006c8190@006c8190 FUN_006c9930@006c9930 FUN_0085c6f0@0085c6f0
VehicleFlagForAction			pas de table
VehicleFlagForActionTrack			pas de table
VehicleFollowEntity	005d6ca0	127	FUN_0041a170@0041a170 FUN_005c2770@005c2770 FUN_005d8200@005d8200 FUN_005d82a0@005d82a0
VehicleFollowPath	005d64b0	144	FUN_004cb330@004cb330 FUN_005d81a0@005d81a0 FUN_005d8200@005d8200 FUN_005d8f20@005d8f20 FUN_005d8fa0@005d8fa0 FUN_0073ad50@0073ad50
VehicleFromDriver	005d7b20	109	FUN_005c7220@005c7220 FUN_005d8200@005d8200 FUN_005d8460@005d8460
VehicleGetHealth	005d7040	75	FUN_005d8200@005d8200 FUN_005d8480@005d8480
VehicleGetModelId	005d6a40	73	FUN_005d8200@005d8200 FUN_005d8460@005d8460
VehicleGetPosXYZ	005d6590	146	FUN_005d8200@005d8200 FUN_005d8480@005d8480
VehicleHitOrientation			pas de table
VehicleIsInAreaXYZ	005d5d10	259	FUN_005c2910@005c2910 FUN_005d8200@005d8200 FUN_005d82a0@005d82a0 FUN_005d8450@005d8450 thunk_FUN_0073ad50@005d8170
VehicleIsInTrigger	005d6630	140	FUN_005d8200@005d8200 FUN_005d8450@005d8450 FUN_006d6e50@006d6e50
VehicleIsModel	005d69e0	86	FUN_005d8200@005d8200 FUN_005d8450@005d8450
VehicleIsValid	005d6ea0	152	FUN_005d81c0@005d81c0 FUN_005d8200@005d8200 FUN_005d8450@005d8450
VehicleMakeAmbient	005d67f0	496	FUN_00414a20@00414a20 FUN_00414cc0@00414cc0 FUN_0041e220@0041e220 FUN_0041fe20@0041fe20 FUN_00442120@00442120 FUN_004cb0e0@004cb0e0 FUN_005d8200@005d8200 FUN_005d8fa0@005d8fa0 FUN_005d98a0@005d98a0 FUN_005db7e0@005db7e0 FUN_0085c4d0@0085c4d0
VehicleModelNotNeededAmbient	005d6300	68	FUN_0052fcf0@0052fcf0 FUN_005d8200@005d8200
VehicleMoveToXYZ	005d63b0	245	FUN_0041a020@0041a020 FUN_00470460@00470460 FUN_00471240@00471240 FUN_004ce410@004ce410 FUN_005d8200@005d8200 FUN_005d82b0@005d82b0 FUN_005d8320@005d8320 FUN_0073ad50@0073ad50 thunk_FUN_005ee6d0@005ee930
VehicleOverrideAmbient	005d5e20	80	FUN_0041a6d0@0041a6d0 FUN_005d8200@005d8200 FUN_005d8240@005d8240
VehicleOverrideAmbientCruiseSpeed	005d5ce0	39	FUN_005d82a0@005d82a0
VehicleRequestModel	005d5c60	113	FUN_00532ee0@00532ee0 FUN_005d8200@005d8200 FUN_005d8450@005d8450 FUN_005d8fa0@005d8fa0 FUN_005d92f0@005d92f0 FUN_005db7e0@005db7e0
VehicleRevertToDefaultAmbient	005d5e70	14	FUN_0041a710@0041a710
VehicleSetAccelerationMult	005d6b00	70	FUN_005d8200@005d8200 FUN_005d82a0@005d82a0
VehicleSetColor	005d6de0	90	FUN_005d8200@005d8200
VehicleSetColours	005d6790	86	FUN_005d8200@005d8200
VehicleSetCruiseSpeed	005d6540	72	FUN_005d8200@005d8200
VehicleSetDrivingMode	005d6bb0	72	FUN_005d8200@005d8200
VehicleSetEntityFlag	005d7190	83	FUN_005d8200@005d8200 FUN_005d8f20@005d8f20
VehicleSetMission	005d6c00	72	FUN_005d8200@005d8200
VehicleSetNISSafe	005d7130	83	FUN_005d8200@005d8200 FUN_005d8f20@005d8f20
VehicleSetOwner	005d6a90	97	FUN_005c7220@005c7220 FUN_005d7db0@005d7db0 FUN_005d8200@005d8200
VehicleSetPosPoint	005d74e0	554	FUN_004126b0@004126b0 FUN_00412ad0@00412ad0 FUN_00412b70@00412b70 FUN_005d8200@005d8200 FUN_005d82a0@005d82a0 FUN_005d8f20@005d8f20 FUN_006d5860@006d5860 FUN_006d58a0@006d58a0 FUN_006d6300@006d6300 FUN_0073ad50@0073ad50 FUN_0085ceea@0085ceea FUN_008b5f90@008b5f90
VehicleSetPosXYZ	005d6060	547	FUN_004145e0@004145e0 FUN_00414a20@00414a20 FUN_00414cc0@00414cc0 FUN_004331c0@004331c0 FUN_005d8200@005d8200 FUN_005d82a0@005d82a0 FUN_005d8f20@005d8f20 FUN_0073ad50@0073ad50 FUN_008b5f90@008b5f90
VehicleSetStatic	005d7090	149	FUN_005d8200@005d8200 FUN_005d8f20@005d8f20
VehicleSetStatus	005d6c50	76	FUN_005d8200@005d8200
VehicleSirenAllwaysOn	005d6e40	94	FUN_004cb0a0@004cb0a0 FUN_005d8200@005d8200 FUN_005d8f20@005d8f20
VehicleStop	005d66c0	77	FUN_005d8200@005d8200
VehicleWheelsOnGround			pas de table
WeaponAmmo			pas de table
WeaponAnimation			pas de table
WeaponAnimationTrack			pas de table
WeaponArm			pas de table
WeaponCallbackTrack			pas de table
WeaponCanBeUsedOnBike			pas de table
WeaponCollision			pas de table
WeaponCollisionTrack			pas de table
WeaponCount			pas de table
WeaponDamaged			pas de table
WeaponDesired			pas de table
WeaponDesiredIsEquiped			pas de table
WeaponDesiredIsFocusWeapon			pas de table
WeaponDesiredSocket			pas de table
WeaponDown			pas de table
WeaponEntity			pas de table
WeaponEquiped			pas de table
WeaponEquipedSocket			pas de table
WeaponEquipedType			pas de table
WeaponFire			pas de table
WeaponFireAmmo			pas de table
WeaponFireAmmoTrack			pas de table
WeaponFireFrisbee			pas de table
WeaponFireFrisbeeTrack			pas de table
WeaponFireOffset			pas de table
WeaponFireOffsetTrack			pas de table
WeaponFireRotation			pas de table
WeaponFireRotationTrack			pas de table
WeaponFireSpecificOrientation			pas de table
WeaponFireSpecificOrientationTrack			pas de table
WeaponFireStartOffset			pas de table
WeaponFireStartOffsetTrack			pas de table
WeaponFireTrack			pas de table
WeaponFlags			pas de table
WeaponFX			pas de table
WeaponFXTrack			pas de table
WeaponGetType	005c63d0	134	FUN_0051b300@0051b300 FUN_005d8200@005d8200 FUN_005d8460@005d8460
WeaponHudActive			pas de table
WeaponHudLocked			pas de table
WeaponImpulse			pas de table
WeaponImpulseTrack			pas de table
WeaponIncrementCharge			pas de table
WeaponIncrementChargeTrack			pas de table
WeaponIsInventory			pas de table
WeaponIsThrowable			pas de table
WeaponLast			pas de table
WeaponLastHitBy			pas de table
WeaponMinigameImpulse			pas de table
WeaponMinigameImpulseTrack			pas de table
WeaponModelRequest			pas de table
WeaponNeedInit			pas de table
WeaponPedPair			pas de table
WeaponPlayerFireAutoTarget			pas de table
WeaponPlayerFireAutoTargetTrack			pas de table
WeaponRemoveCollisionProjectile			pas de table
WeaponRemoveCollisionProjectileTrack			pas de table
WeaponRequestModel	005c6340	142	FUN_004d9640@004d9640 FUN_005d8200@005d8200 FUN_005d8450@005d8450 FUN_005d8fa0@005d8fa0 FUN_005d92f0@005d92f0 FUN_005db7e0@005db7e0 FUN_005db800@005db800
WeaponSaveData			pas de table
WeaponScale			pas de table
WeaponScaleTrack			pas de table
WeaponSetCharge			pas de table
WeaponSetChargeTrack			pas de table
WeaponSetNextDamageLevel			pas de table
WeaponSetNextDamageLevelTrack			pas de table
WeaponSetRangeMultiplier	005c0ea0	101	FUN_005c7220@005c7220 FUN_005d8200@005d8200 FUN_005d82a0@005d82a0
WeaponSpawnDamageEffect			pas de table
WeaponSpawnDamageEffectTrack			pas de table
WeaponTaken			pas de table
WeaponTargetImpulse			pas de table
WeaponTargetImpulseTrack			pas de table
WeaponUp			pas de table
WeaponWheel			pas de table
WeaponWheelOff			pas de table
WeaponWheelOffTrack			pas de table
WeaponWheelOn			pas de table
