nom	fonction_c	table
AddArrestRestartPoint	005beac0	00ae9da8
AddBlipForCar	005b89c0	00ae9418
AddBlipForChar	005b8bb0	00ae9418
AddBlipForPickup	005b8900	00ae9418
AddBlipForProp	005b8a60	00ae9418
AddInteriorArrestRestartPoint	005bec10	00ae9da8
AddInteriorAsleepRestartPoint	005beda0	00ae9da8
AddInteriorKORestartPoint	005be780	00ae9da8
AddKORestartPoint	005be630	00ae9da8
AddPAnimToNextCutscene	005bb260	00ae9890
AllowAreaTransitions	005c0be0	00ae9f78
AreaActivatePopulationTrigger	005b5f30	00ae9100
AreaAddAmbientSpawner	005b6250	00ae9100
AreaAddAmbientSpawnPeriod	005b62f0	00ae9100
AreaAddDocker	005b66c0	00ae9100
AreaAddDockLocation	005b6710	00ae9100
AreaAddDockPeriod	005b6760	00ae9100
AreaAddExtraScene	005b71b0	00ae9100
AreaAddMissionSpawner	005b7d70	00ae9100
AreaAddPedModelIdToSpawnLocation	005b6400	00ae9100
AreaAddPedTypeToSpawnLocation	005b6450	00ae9100
AreaAddSpawnLocation	005b63a0	00ae9100
AreaCancelStoredTransition	005b6e90	00ae9100
AreaClearAllExplosions	005b70f0	00ae9100
AreaClearAllPeds	005b7e70	00ae9100
AreaClearAllProjectiles	005b7100	00ae9100
AreaClearAllVehicles	005b7ed0	00ae9100
AreaClearDockers	005b6690	00ae9100
AreaClearPatrolPaths	005b60d0	00ae9100
AreaClearSpawners	005b6220	00ae9100
AreaDeactivatePopulationTrigger	005b5f50	00ae9100
AreaDeteriorateAttitudeForPopTriggerPedType	005b5f70	00ae9100
AreaDisableAllPatrolPaths	005b61d0	00ae9100
AreaDisableCameraControlForTransition	005b6f70	00ae9100
AreaDisablePatrolPath	005b6050	00ae9100
AreaDoorTransitionFix	005b6e20	00ae9100
AreaEnableAllPatrolPaths	005b61e0	00ae9100
AreaEnablePatrolPath	005b60a0	00ae9100
AreaEnsureSpecialEntitiesAreCreated	005b6dc0	00ae9100
AreaEnsureSpecialEntitiesAreCreatedWithOverride	005b6dd0	00ae9100
AreaForceLoadAreaByAreaTransition	005b6f90	00ae9100
AreaGetPlayerPositionBeforeStore	005b74c0	00ae9100
AreaGetPopulationCullDistance	005b6d30	00ae9100
AreaGetPopulationEvaluatesTriggersIn3D	005b6e30	00ae9100
AreaGetScriptedPOIPointToActivate	005b6980	00ae9100
AreaGetTransitionTime	005b70a0	00ae9100
AreaGetVisible	005b7300	00ae9100
AreaInitPatrolPath	005b6150	00ae9100
AreaIsCollisionLoaded	005b7450	00ae9100
AreaIsDoorLocked	005b7640	00ae9100
AreaIsDoorLockedToPeds	005b7880	00ae9100
AreaIsDoorOpen	005b7ac0	00ae9100
AreaIsLoading	005b6f50	00ae9100
AreaLoad	005b5f00	00ae9100
AreaLoadCollision	005b7130	00ae9100
AreaLoadSpecialEntities	005b6d70	00ae9100
AreaMissionSpawnerExhausted	005b64c0	00ae9100
AreaMissionSpawnerSetActivated	005b6600	00ae9100
AreaMissionSpawnerSetAttackTarget	005b6550	00ae9100
AreaMissionSpawnerSetCallback	005b65c0	00ae9100
AreaMissionSpawnerSetExhausted	005b6510	00ae9100
AreaOverridePopulation	005b5fa0	00ae9100
AreaOverridePopulationPedType	005b7320	00ae9100
AreaPatrolPathShowVisionCones	005b61f0	00ae9100
AreaPOICompareName	005b6a90	00ae9100
AreaPOIDeactivated	005b6bc0	00ae9100
AreaPOIGetActivation	005b6a40	00ae9100
AreaPOIGetFaction	005b6b40	00ae9100
AreaPOIGetGender	005b6c00	00ae9100
AreaPOIGetInterestType	005b6b00	00ae9100
AreaPOIGetMaxNumber	005b6b80	00ae9100
AreaPOIGetPosition	005b73d0	00ae9100
AreaPOISetActivation	005b69f0	00ae9100
AreaRegisterAnimProps	005b6d60	00ae9100
AreaRegisterAreaScript	005b7530	00ae9100
AreaRemoveExtraScene	005b5ef0	00ae9100
AreaRemoveSpawner	005b64a0	00ae9100
AreaResetPunishmentAlertLevels	005b6cd0	00ae9100
AreaResetPunishmentPedTypes	005b6d20	00ae9100
AreaRevertToDefaultPopulation	005b5ff0	00ae9100
AreaSetActivePatrolPathHours	005b6100	00ae9100
AreaSetAmbientSpawnerExclusive	005b6360	00ae9100
AreaSetDockerChanceToDock	005b6940	00ae9100
AreaSetDockerKidReception	005b6880	00ae9100
AreaSetDockerMinsToRunBeforeEnd	005b6900	00ae9100
AreaSetDockerPatrolPedReception	005b6830	00ae9100
AreaSetDockerRunPercentage	005b68c0	00ae9100
AreaSetDockerSexReception	005b67d0	00ae9100
AreaSetDoorLocked	005b7760	00ae9100
AreaSetDoorLockedToPeds	005b79a0	00ae9100
AreaSetDoorOpen	005b7be0	00ae9100
AreaSetDoorPathableToPeds	005b7d00	00ae9100
AreaSetNodesSwitchedOffInTrigger	005b7fb0	00ae9100
AreaSetPathableInRadius	005b6ea0	00ae9100
AreaSetPopulationEvaluatesTriggersIn3D	005b6e60	00ae9100
AreaSetPopulationSexGeneration	005b6000	00ae9100
AreaSetPunishmentAlertLevels	005b6c80	00ae9100
AreaSetPunishmentPedType	005b6ce0	00ae9100
AreaSetSavePointLocation	005b6fb0	00ae9100
AreaSetTriggerMonitoringRules	005b7f60	00ae9100
AreaSetVisible	00824d30	00ae9100
AreaSignalAreaTransitionReadyToLoad	005b6f40	00ae9100
AreaSpawnerSetSexGeneration	005b6640	00ae9100
AreaTransitionDestination	005b7560	00ae9100
AreaTriggerIsValid	005b8010	00ae9100
AwardAchievement	005d2150	00aeafa8
BarberShopAdd	005ba7b0	00ae9778
BarberShopSetGroupName	005ba800	00ae9778
BarberStoreRegisterFeedbackCallback	005ba8c0	00ae9778
BikeAddAttachment	005d6b50	00aeb770
BikeJump	005d6f90	00aeb770
BikeSetPadlock	005d6d20	00aeb770
BlipAddArrow	005b81b0	00ae9418
BlipAddObject	005b8850	00ae9418
BlipAddPoint	005b8690	00ae9418
BlipAddSave	005b85d0	00ae9418
BlipAddXYZ	005b8400	00ae9418
BlipChangeIcon	005b82d0	00ae9418
BlipRemove	005b8170	00ae9418
BlipRemoveFromChar	005b8b40	00ae9418
BlipSetFlashing	005b83b0	00ae9418
BlipSetMarkerSize	005b8130	00ae9418
BlipSetShortRanged	005b82a0	00ae9418
BlipSetSize	005b8100	00ae9418
BlipSetVisionConeAlwaysOn	005b80a0	00ae9418
BlipSetVisionConeCanSee	005b80d0	00ae9418
bsDumpMemUsage	005b8d90	00ae94e0
bsDumpRunTimeMetrics	005b8d90	00ae94e0
bsMarkCheckPoint	00824d30	00ae94e0
bsWait	00824d30	00ae94e0
BulletinSetupMessage	005b8dd0	00ae9518
BulletinSetupTexture	005b8db0	00ae9518
ButtonHistoryAddButton	005bd6c0	00ae9b90
ButtonHistoryAddChargeText	005bd8c0	00ae9b90
ButtonHistoryAddSequence	005bd850	00ae9b90
ButtonHistoryAddSequenceLocalText	005bda90	00ae9b90
ButtonHistoryAddSequenceTimeInterval	005bd8f0	00ae9b90
ButtonHistoryAddSequenceTimeIntervalCharge	005bd970	00ae9b90
ButtonHistoryClearLine	005bd690	00ae9b90
ButtonHistoryClearSequence	005bd810	00ae9b90
ButtonHistoryEnableActionTreeInput	005bda60	00ae9b90
ButtonHistoryGetFromHistory	005bd750	00ae9b90
ButtonHistoryIgnoreController	005bd720	00ae9b90
ButtonHistoryIgnoreSequence	005bda20	00ae9b90
ButtonHistorySetCallbackCorrectButton	005bd7b0	00ae9b90
ButtonHistorySetCallbackFailed	005bd7f0	00ae9b90
ButtonHistorySetCallbackPassed	005bd7d0	00ae9b90
ButtonHistorySetNumButtonsDisplayed	005bd660	00ae9b90
ButtonHistorySetSequenceTime	005bd820	00ae9b90
ButtonHistorySetTimeDisplayed	005bd620	00ae9b90
CameraAllowChange	005b98d0	00ae9530
CameraAllowScriptedChange	005b9900	00ae9530
CameraClearRotationLimit	005ba3d0	00ae9530
CameraDebugActive	005b9bd0	00ae9530
CameraDefaultFOV	005b99a0	00ae9530
CameraFade	005b8ea0	00ae9530
CameraFadeToSplashEnd	005b8e80	00ae9530
CameraFadeToSplashSetup	005b8e30	00ae9530
CameraFadeToSplashStart	005b8e60	00ae9530
CameraFollowEntity	005b92c0	00ae9530
CameraFollowPed	005b9280	00ae9530
CameraGet169Mode	005b9d20	00ae9530
CameraGetActive	005b9bb0	00ae9530
CameraGetFOV	005b9930	00ae9530
CameraHoldFadeout	005b8e10	00ae9530
CameraIsPointVisible	005ba080	00ae9530
CameraLookAtObject	005b9310	00ae9530
CameraLookAtPath	005b94d0	00ae9530
CameraLookAtPathSetSpeed	005b9530	00ae9530
CameraLookAtPlayer	005b91e0	00ae9530
CameraLookAtXYZ	005b9390	00ae9530
CameraMgrUpdate	005b9d10	00ae9530
CameraReset	005b97f0	00ae9530
CameraResetToPosition	005b9800	00ae9530
CameraResetWithDirection	005b9de0	00ae9530
CameraResetWithDirection2	005b9870	00ae9530
CameraReturnToPlayer	005b8fd0	00ae9530
CameraSetActive	005b9b30	00ae9530
CameraSetConvCam	005b99c0	00ae9530
CameraSetConversationPath	00824d30	00ae9530
CameraSetFieldPoints	00824d30	00ae9530
CameraSetFOV	005b9970	00ae9530
CameraSetHeading	00824d30	00ae9530
CameraSetNearPlane	005b9250	00ae9530
CameraSetPath	005b8f70	00ae9530
CameraSetPlayerRelativePath	005b9d40	00ae9530
CameraSetRelativePath	005b95b0	00ae9530
CameraSetRotationLimit	005b9e70	00ae9530
CameraSetRotationLimitRel	005ba200	00ae9530
CameraSetRotationSpeed	005b9490	00ae9530
CameraSetSecondTarget	005b9ff0	00ae9530
CameraSetShot	005b9670	00ae9530
CameraSetShotOnly	005b9720	00ae9530
CameraSetSpeed	005b9410	00ae9530
CameraSetWidescreen	005b8f20	00ae9530
CameraSetXYZ	005b9bf0	00ae9530
CanCreateVehicleNearXYZ	005d5f90	00aeb770
CarGetDamageNumber	005d6f40	00aeb770
CarnivalBallTossDecCount	006d7e50	00bc5f54
CarnivalBallTossGetCount	006d7e70	00bc5f54
CarnivalBallTossIncCount	006d7e40	00bc5f54
CarnivalBallTossSetCount	006d7e10	00bc5f54
CarnivalDunkTankDecCount	006d86e0	00bc5fac
CarnivalDunkTankGetCount	006d8700	00bc5fac
CarnivalDunkTankGetTargetPos	006d8640	00bc5fac
CarnivalDunkTankIncCount	006d86d0	00bc5fac
CarnivalDunkTankSetCount	006d86a0	00bc5fac
CarnivalDunkTankStartAiming	006d8720	00bc5fac
CarnivalShootAddNumber	006d8ca0	00bc6008
CarnivalStrikerMeterGetLevel	006d9b10	00bc6040
CarnivalStrikerMeterIsRunning	006d9ac0	00bc6040
CarnivalStrikerMeterSetParams	006d9b50	00bc6040
CarnivalStrikerMeterStart	006d9aa0	00bc6040
ChapterGet	005c0ba0	00ae9f78
ChapterSet	005c0b70	00ae9f78
ClassBiologyGetScorePercentage	006e7c30	00bc63d8
ClassBiologyInvalidOperation	006e7b20	00bc63d8
ClassBiologyIsBadMove	006e7d10	00bc63d8
ClassBiologyIsGrossOut	006e7d40	00bc63d8
ClassBiologyResetBadMove	006e7d30	00bc63d8
ClassBiologyResetGrossOut	006e7d60	00bc63d8
ClassBiologySetAnimal	006e7cd0	00bc63d8
ClassBiologySetGameType	006fa3d0	00bc63d8
ClassBiologySetScorePercentage	006e7c90	00bc63d8
ClassBiologySetTimer	006e7b50	00bc63d8
ClassBiologySetTrigFunc	006e7bc0	00bc63d8
ClassBiologySetWarnTime	006fa280	00bc63d8
ClassBiologySubtractTime	006e7c00	00bc63d8
ClassBiologySuccess	006e7d00	00bc63d8
ClassBiologyValidOperation	006e7af0	00bc63d8
ClassChemAddAction	006eb180	00bc64f8
ClassChemGetActionJustFailed	006eb330	00bc64f8
ClassChemGetActionJustFinished	006eb2c0	00bc64f8
ClassChemGetActionJustStarted	006eb250	00bc64f8
ClassChemGetLastAction	006eb370	00bc64f8
ClassChemGetPerformance	006eb390	00bc64f8
ClassChemSetActiveActions	006eb3c0	00bc64f8
ClassChemSetGameType	006eb480	00bc64f8
ClassChemSetPixPerSec	006eb410	00bc64f8
ClassChemSetScrollyOnly	006eb450	00bc64f8
ClassChemSetScrollyVisible	006eb430	00bc64f8
ClassChemSetSpeedScale	006eb3f0	00bc64f8
ClassChemStartSeq	006eb1f0	00bc64f8
ClassEnglishGetLastSubmittedWord	006edee0	00bc6598
ClassEnglishGetLastSubmittedWordLength	006edf20	00bc6598
ClassEnglishGetScorePercentage	006ede00	00bc6598
ClassEnglishSetLevel	006ee040	00bc6598
ClassEnglishSetMinScore	006eddd0	00bc6598
ClassEnglishSetPenaltyTime	006eddb0	00bc6598
ClassEnglishSetScoreMsg	006edea0	00bc6598
ClassEnglishSetScorePercentage	006ede60	00bc6598
ClassEnglishSetTimer	006edce0	00bc6598
ClassEnglishSetTrigFunc	006edd70	00bc6598
ClassEnglishSetWarnTime	006edd50	00bc6598
ClassEnglishWordWasDuplicate	006edfb0	00bc6598
ClassEnglishWordWasNaughty	006edfe0	00bc6598
ClassEnglishWordWasNotValid	006edf80	00bc6598
ClassEnglishWordWasTooShort	006ee010	00bc6598
ClassEnglishWordWasValid	006edf50	00bc6598
ClassGeographyGetScorePercentage	006f6f70	00bc6660
ClassGeographyInvalidOperation	006f6e90	00bc6660
ClassGeographySet2Player	00824d30	00bc6660
ClassGeographySetLevel	006f7050	00bc6660
ClassGeographySetScoreMsg	006f7010	00bc6660
ClassGeographySetScorePercentage	006f6fd0	00bc6660
ClassGeographySetTimer	006f6ec0	00bc6660
ClassGeographySetTrigFunc	006f6f30	00bc6660
ClassGeographySetWarnTime	006fa280	00bc6660
ClassGeographySubtractTime	006e7c00	00bc6660
ClassGeographySuccess	006e7d00	00bc6660
ClassGeographyValidOperation	006f6e60	00bc6660
ClassMathAnswerGiven	006fa180	00bc6700
ClassMathBothInvalid	005d5200	00bc6700
ClassMathFinished	006fa3f0	00bc6700
ClassMathGetScore	006fa390	00bc6700
ClassMathGetScorePercentage	006fa350	00bc6700
ClassMathInvalidAnswer	006fa1e0	00bc6700
ClassMathSetCircles	006fa920	00bc6700
ClassMathSetDifference	006fa550	00bc6700
ClassMathSetEquation	006fa400	00bc6700
ClassMathSetFastest	006fa6f0	00bc6700
ClassMathSetFattest	006fa7d0	00bc6700
ClassMathSetGameType	006fa3d0	00bc6700
ClassMathSetHighest	006fa470	00bc6700
ClassMathSetLevel	006ee040	00bc6700
ClassMathSetLowest	006fa4e0	00bc6700
ClassMathSetNumQuestions	006fa2e0	00bc6700
ClassMathSetScoreMsg	006edea0	00bc6700
ClassMathSetScorePercentage	006fa310	00bc6700
ClassMathSetShortest	006fa680	00bc6700
ClassMathSetSlowest	006fa760	00bc6700
ClassMathSetSquares	006fa8b0	00bc6700
ClassMathSetTallest	006fa610	00bc6700
ClassMathSetThinnest	006fa840	00bc6700
ClassMathSetTimer	006fa210	00bc6700
ClassMathSetTriangles	006fa5a0	00bc6700
ClassMathSetTrigFunc	006fa2a0	00bc6700
ClassMathSetWarnTime	006fa280	00bc6700
ClassMathSubtractTime	006e7c00	00bc6700
ClassMathValidAnswer	006fa1b0	00bc6700
ClassMusicFeedbackCallback	006fceb0	00bc6890
ClassMusicGetWinner	006fced0	00bc6890
ClassMusicInstrument	006fcdc0	00bc6890
ClassMusicSetPlayers	006fce50	00bc6890
ClassMusicSetSong	006fcdf0	00bc6890
ClassMusicStartSeq	006fce80	00bc6890
ClockGet	005ba430	00ae96f8
ClockIsPaused	005ba620	00ae96f8
ClockSet	005ba400	00ae96f8
ClockSetEnableMission	005ba510	00ae96f8
ClockSetTickRate	005ba460	00ae96f8
ClothingBackup	005baef0	00ae9778
ClothingBuildPlayer	005baf30	00ae9778
ClothingDefineOutfit	005ba900	00ae9778
ClothingExitButton	005baed0	00ae9778
ClothingGetPlayer	005bab00	00ae9778
ClothingGetPlayerOutfit	005bab50	00ae9778
ClothingGetPlayersHair	005bab90	00ae9778
ClothingGivePlayer	005bacb0	00ae9778
ClothingGivePlayerOutfit	005bad60	00ae9778
ClothingIsWearingAnyOutfit	005bac80	00ae9778
ClothingIsWearingOutfit	005bac40	00ae9778
ClothingLock	005bae10	00ae9778
ClothingOverlay	005baf70	00ae9778
ClothingPlayerOwns	005babe0	00ae9778
ClothingRemovePlayer	005bad20	00ae9778
ClothingRestore	005baf10	00ae9778
ClothingSetPlayer	005ba9c0	00ae9778
ClothingSetPlayerOutfit	005baa40	00ae9778
ClothingSetPlayersHair	005baab0	00ae9778
ClothingStoreAdd	005ba750	00ae9778
ClothingStoreLock	005bae70	00ae9778
ClothingStoreRegisterFeedbackCallback	005ba8a0	00ae9778
CollectibleOnMapEnable	005bb0c0	00ae9858
CollectiblesGetNumCollectable	005bb060	00ae9858
CollectiblesGetNumCollected	005bb090	00ae9858
CollectiblesOnCollectedCallback	005baff0	00ae9858
CollectiblesSetAllAsCollected	005bb010	00ae9858
CollectiblesSetTypeAvailable	005bafa0	00ae9858
CompareHashIDs	005c23c0	00aea310
ConversationMovePeds	005c6740	00aea580
CounterClearIcon	005bc440	00ae9aa8
CounterClearText	005bc420	00ae9aa8
CounterEnableRoll	005bc520	00ae9aa8
CounterGetCurrent	005bc4a0	00ae9aa8
CounterGetMax	005bc480	00ae9aa8
CounterIncrementCurrent	005bc4f0	00ae9aa8
CounterMakeHUDVisible	005bc320	00ae9aa8
CounterSetCurrent	005bc4c0	00ae9aa8
CounterSetIcon	005bc370	00ae9aa8
CounterSetMax	005bc450	00ae9aa8
CounterSetText	005bc3a0	00ae9aa8
CounterSetTextColour	005bc590	00ae9aa8
CounterSetTextXYOffset	005bc3d0	00ae9aa8
CounterUseMeter	005bc570	00ae9aa8
CreatePersistentEntity	005bd090	00ae9b20
CreateProjectile	005c1c10	00ae9f78
CreateThread	005bf2f0	00ae9da8
CreditFindText	005d5960	00aeb6a8
CreditGetInteger	005d5990	00aeb6a8
CreditLoadDB	005d59e0	00aeb6a8
CreditPrintText	005d5900	00aeb6a8
CreditReset	005d59d0	00aeb6a8
CreditSetup	005d5ad0	00aeb6a8
CreditUnLoadDB	005d5a10	00aeb6a8
CutsceneFadeWithCamera	005d4610	00aeb2b8
CutSceneSetActionNode	005bb1b0	00ae9890
CutSetCutsceneName	005bb200	00ae9890
CutSetCutsceneTableSize	005bb1e0	00ae9890
DATInit	005bf410	00ae9da8
DATLoad	005bf390	00ae9da8
DATUnload	005bf3f0	00ae9da8
DebugAssert	00824d30	00ae9918
DebugLogMemStats	005b8d80	00ae94e0
DebugMemCheck	005c6d00	00aea580
DebugMenuAddItem	006f2ad0	00ae9918
DebugMenuAddPage	006f2ad0	00ae9918
DebugPrint	00824d30	00ae9918
DebugScreenShot	00824d30	00ae9918
DeleteAllMissionPeds	005c0d20	00ae9f78
DeletePersistentEntity	005bca50	00ae9b20
DemoBuildGetSelectedMission	005d5220	00aeb5c8
DemoBuildReturnToMain	005d5240	00aeb5c8
DestroyProjectile	005c0bc0	00ae9f78
DetentionMeterSetVisibility	005d1d20	00aeafa8
DetonateProjectiles	005c0c70	00ae9f78
DisablePunishmentSystem	005bf8f0	00ae9da8
DistanceBetweenCoords2d	005bfc10	00ae9da8
DistanceBetweenCoords3d	005bfac0	00ae9da8
DockerClearOverrideActiveSetting	005bb5a0	00ae9958
DockerSetMaximumRange	005bb480	00ae9958
DockerSetMinimumRange	005bb440	00ae9958
DockerSetOverrideActiveSetting	005bb550	00ae9958
DockerSetUseFacingCheck	005bb500	00ae9958
DockerSetUseHeightCheck	005bb4c0	00ae9958
DodgeballEnableCamera	00680080	00b9da18
DodgeballEnableHud	006800b0	00b9da18
DodgeballEndGame	00680030	00b9da18
DodgeballGetWinner	00680060	00b9da18
DodgeballHelpMsg	00680110	00b9da18
DodgeballInit	00680040	00b9da18
DodgeballIsActive	00680010	00b9da18
DodgeballPause	006800e0	00b9da18
DodgeballSetPed	0067ff40	00b9da18
DodgeballStartGame	0067ff00	00b9da18
DodgeballTerm	00680050	00b9da18
DoSocialErrands	005bde50	00ae9b90
DoublePedShadowDistance	005bb7e0	00ae9990
DumpMemoryHistory	005c0a40	00ae9f78
E3DodgeballHackCleanObjects	005c19c0	00ae9f78
EffectAddLeavesInArea	005bb5d0	00ae9990
EffectAddWindowGlowInArea	005bb800	00ae9990
EffectBlindedbyMud	005bb7c0	00ae9990
EffectCreate	005bbaa0	00ae9990
EffectIsRunning	005bb700	00ae9990
EffectKill	005bb660	00ae9990
EffectRegisterInArea	005bba20	00ae9990
EffectSetDirection	005bbc70	00ae9990
EffectSetGymnFireAlpha	005bbc20	00ae9990
EffectSetGymnFireOn	005bb790	00ae9990
EffectSetNightOnly	005bb740	00ae9990
EffectSetPosition	005bbb20	00ae9990
EffectSetSphereDirection	005bbba0	00ae9990
EffectSlowKill	005bb680	00ae9990
EffectTurnOffWindowGlowInArea	005bb9b0	00ae9990
EffectTurnOnWindowGlowInArea	005bb940	00ae9990
EffectUnregisterInArea	005bb640	00ae9990
EnterNIS	005bb3c0	00ae9890
ExitNIS	005bb400	00ae9890
FireCreate	005c1360	00ae9f78
FireDestroy	005c09d0	00ae9f78
FireGetHealth	005c0a00	00ae9f78
FireSetDamageRadius	005c0990	00ae9f78
FireSetScale	005c0950	00ae9f78
FlushStreamingContents	005bf420	00ae9da8
FollowCamDefaultFightShot	005b9780	00ae9530
FollowCamDefaultVehicleShot	005b97d0	00ae9530
FollowCamSetFightShot	005b9750	00ae9530
FollowCamSetVehicleShot	005b97a0	00ae9530
ForceMissionAvailable	005c0240	00ae9f78
ForceStartMission	005c0120	00ae9f78
ForceStartMissionIndex	005c01a0	00ae9f78
GameGetPedStat	005d4ca0	00aeb530
GameRestarted	005c0870	00ae9f78
GameSetPedStat	005d4d10	00aeb530
GarageAdd	005bc1c0	00ae9a78
GarageClearAll	005bc130	00ae9a78
GarageHasStoredVehicle	005bc1a0	00ae9a78
GarageSetIsDeactivated	005bc140	00ae9a78
GarageSetStoredVehicle	005bc170	00ae9a78
GeometryAlpha	005bc9a0	00ae9b20
GeometryInstance	005bc8e0	00ae9b20
GetAnchorPosition	005b75d0	00ae9100
GetCurrentDay	005c0c00	00ae9f78
GetCurrentNumOfAmbientBikes	005d6000	00aeb770
GetCutsceneRunning	005bb190	00ae9890
GetCutsceneTime	005bb170	00ae9890
GetFactionRespect	005c11b0	00ae9f78
GetGeometryFlagState	005bcb50	00ae9b20
GetIsMissionSpecific	005b7580	00ae9100
GetLanguage	005d5ab0	00aeb6a8
GetMissionAttemptCount	005c0310	00ae9f78
GetMissionCount	005c0220	00ae9f78
GetMissionCurrentAttemptCount	005c0430	00ae9f78
GetMissionCurrentSuccessCount	005c0460	00ae9f78
GetMissionSuccessCount	005c0370	00ae9f78
GetNextShootingGalleryID	006f2ad0	00bc6ed8
GetPointFromPath	005bcaa0	00ae9b20
GetPointFromPointList	005bc790	00ae9b20
GetPointList	005bc660	00ae9b20
GetPointListSize	005bc740	00ae9b20
GetRequestedSubMPGame	005d5260	00aeb5c8
GetStickValue	005be5b0	00ae9da8
GetTimer	005bfa50	00ae9da8
GetTotalMissionSuccessCount	005c0490	00ae9f78
GetWeaponLOD	005c19d0	00ae9f78
GiveAmmoToPlayer	005be160	00ae9d40
GiveItemToPlayer	005be080	00ae9d40
GiveWeaponToPlayer	005be100	00ae9d40
HasAnimGroupLoaded	005bf6e0	00ae9da8
HasBallTouchedSocketRadius	005bcc10	00ae9b20
HasStoryModeBeenSelected	005d5280	00aeb5c8
HideGeneralHealthBar	005c6810	00aea580
HUDClearAllElements	005bdb80	00ae9b90
HUDComponentGetFlashing	005bd5c0	00ae9b90
HUDComponentGetLocked	005bd5f0	00ae9b90
HUDComponentGetVisibility	005bd590	00ae9b90
HUDDiaryVisible	005bdde0	00ae9b90
HUDFlashAllObjectiveBlips	005bdf20	00ae9b90
HUDInventoryDisplayChange	005bde10	00ae9b90
HUDPhotographySetColourUpgrade	005bdf30	00ae9b90
HUDPhotographySetSaveLevel1	005bdf50	00ae9b90
HUDPhotographySetSaveLevel2	005bdf70	00ae9b90
HUDRestoreVisibility	005bdba0	00ae9b90
HUDSaveVisibility	005bdb70	00ae9b90
HUDSetEnableInputIgnoredDisplay	005bdfe0	00ae9b90
HUDSetFightStyle	005bdf90	00ae9b90
HUDSetNumFortuneTellerKeys	005bdf00	00ae9b90
HUDSetNumGlobeKeys	005bdee0	00ae9b90
ImportScript	005be5f0	00ae9da8
IsActionTreeLoaded	005bf4b0	00ae9da8
IsButtonBeingPressed	005be4f0	00ae9da8
IsButtonBeingReleased	005be550	00ae9da8
IsButtonPressed	005be490	00ae9da8
IsCutsceneLoaded	005bb240	00ae9890
IsDemoBuildEnabled	005d5200	00aeb5c8
IsInTitleMenu	005d5180	00aeb5c8
IsItemAWeapon	005be3b0	00ae9d40
IsMissionAvailable	005c05e0	00ae9f78
IsMissionCompleated	005c0580	00ae9f78
IsMissionDebugFailure	005c06c0	00ae9f78
IsMissionDebugSuccess	005c0700	00ae9f78
IsMissionFromDebug	005c02a0	00ae9f78
IsMissionFromRestart	005c02e0	00ae9f78
IsMissionRestartable	005c0660	00ae9f78
IsMissionSimpleFade	005c0690	00ae9f78
IsPathDone	005c5100	00aea3c8
IsStreamingBusy	005b6c40	00ae9100
IsValidYearbookPhotoOfPed	005bf870	00ae9da8
ItemGetCurrentNum	005be2d0	00ae9d40
ItemSetCurrentNum	005be340	00ae9d40
LaunchScenarioScript	005bf500	00ae9da8
LaunchScript	005be610	00ae9da8
LawnMowingGetPercent	0070b410	00bc6ff8
LawnMowingSetLawnArea	0070b380	00bc6ff8
LawnMowingSetLawnAreaP2	005c22c0	00bc6ff8
LawnMowingSetMinScore	0070b360	00bc6ff8
LawnMowingSetP2	00824d30	00bc6ff8
LawnMowingSetTimer	0070b3f0	00bc6ff8
Load	005c68b0	00aea580
LoadActionTree	005c6860	00aea580
LoadAnimationGroup	005c08a0	00ae9f78
LoadCutscene	005bb100	00ae9890
LoadCutsceneSound	005bb130	00ae9890
LoadFontStyle	005d5a60	00aeb6a8
LockFPS30	005c0e30	00ae9f78
LogLoad	005b8d40	00ae94e0
MGArcade_Cos	00700930	00bc68e8
MGArcade_CreateLayer	007006c0	00bc68e8
MGArcade_DrawText	006ff320	00bc68e8
MGArcade_GetDialogActive	00700450	00bc68e8
MGArcade_GetDistanceBetweenSprites	00700a40	00bc68e8
MGArcade_GetOrientationBetweenSprites	00700b20	00bc68e8
MGArcade_GetSoundID	006ff280	00bc68e8
MGArcade_GetTextureID	006ff1f0	00bc68e8
MGArcade_InitScreen	007005e0	00bc68e8
MGArcade_Layer_AddSprite	006ff560	00bc68e8
MGArcade_Layer_SetCol	007007f0	00bc68e8
MGArcade_Layer_SetOffset	006ff3c0	00bc68e8
MGArcade_Layer_SetPos	006ff430	00bc68e8
MGArcade_Layer_SetScale	006ff4a0	00bc68e8
MGArcade_Layer_SetTexture	006ff510	00bc68e8
MGArcade_LoadSounds	006ff250	00bc68e8
MGArcade_LoadTextures	006ff1c0	00bc68e8
MGArcade_SetCancelConfirm	00700430	00bc68e8
MGArcade_SetFont	006ff2c0	00bc68e8
MGArcade_SetRasteryEffect	00700410	00bc68e8
MGArcade_Sin	00700970	00bc68e8
MGArcade_Sprite_AddTextParam	00700240	00bc68e8
MGArcade_Sprite_GetPos	006ffe00	00bc68e8
MGArcade_Sprite_GetRot	006fff00	00bc68e8
MGArcade_Sprite_GetRotSpeed	006fff70	00bc68e8
MGArcade_Sprite_GetScale	006fffe0	00bc68e8
MGArcade_Sprite_GetScaleSpeed	00700060	00bc68e8
MGArcade_Sprite_GetTexture	006ffc50	00bc68e8
MGArcade_Sprite_GetVel	006ffe80	00bc68e8
MGArcade_Sprite_SetAcc	006ff980	00bc68e8
MGArcade_Sprite_SetAdditive	006ffd00	00bc68e8
MGArcade_Sprite_SetCol	00700890	00bc68e8
MGArcade_Sprite_SetCollFunc	00700130	00bc68e8
MGArcade_Sprite_SetCollSize	006ff800	00bc68e8
MGArcade_Sprite_SetFlip	006ffd60	00bc68e8
MGArcade_Sprite_SetFont	007001e0	00bc68e8
MGArcade_Sprite_SetOffset	006ff780	00bc68e8
MGArcade_Sprite_SetPos	006ff880	00bc68e8
MGArcade_Sprite_SetRot	006ffa00	00bc68e8
MGArcade_Sprite_SetRotAcc	006ffa80	00bc68e8
MGArcade_Sprite_SetRotSpeed	006ffa80	00bc68e8
MGArcade_Sprite_SetScale	006ffaf0	00bc68e8
MGArcade_Sprite_SetScaleSpeed	006ffb70	00bc68e8
MGArcade_Sprite_SetSize	006ff660	00bc68e8
MGArcade_Sprite_SetText	00700180	00bc68e8
MGArcade_Sprite_SetTextParam	007002f0	00bc68e8
MGArcade_Sprite_SetTextToScoreName	00700360	00bc68e8
MGArcade_Sprite_SetTexture	006ffbf0	00bc68e8
MGArcade_Sprite_SetUpdateFunc	007000e0	00bc68e8
MGArcade_Sprite_SetVel	006ff900	00bc68e8
MGArcade_Sprite_SetVisible	006ffca0	00bc68e8
MGArcade_Sqrt	007009f0	00bc68e8
MGArcade_StartIntro	00824d30	00bc68e8
MGArcade_Tan	007009b0	00bc68e8
MGArcadeStart	00824d30	00bc68e8
MGCA_GetFailureCode	006e3680	00bc6298
MGCA_GetLives	006e3520	00bc6298
MGCA_PreInstanceEnemy	006e3280	00bc6298
MGCA_PreInstancePowerUp	006e35f0	00bc6298
MGCA_SetCompletionThreshold	006e3030	00bc6298
MGCA_SetDeckResolution	006e3540	00bc6298
MGCA_SetEnemyCompletionSpawnThreshold	006e31d0	00bc6298
MGCA_SetEnemyInitialPeriod	006e3100	00bc6298
MGCA_SetEnemyInstanceMax	006e3180	00bc6298
MGCA_SetEnemyPeriod	006e3140	00bc6298
MGCA_SetEnemySpeed	006e30c0	00bc6298
MGCA_SetEnemyTotalMax	006e31b0	00bc6298
MGCA_SetExploderDebrisCount	006e3230	00bc6298
MGCA_SetExploderDebrisSpeed	006e3250	00bc6298
MGCA_SetExploderTimeOut	006e3200	00bc6298
MGCA_SetLevelTimeout	006e34d0	00bc6298
MGCA_SetLives	006e3500	00bc6298
MGCA_SetLocaleStringKey	006e2fe0	00bc6298
MGCA_SetPathSpeedupFactor	006e3090	00bc6298
MGCA_SetPlayerSpeed	006e3060	00bc6298
MGCA_SetPowerUpCompletionSpawnThreshold	006e3460	00bc6298
MGCA_SetPowerUpDuration	006e3490	00bc6298
MGCA_SetPowerUpFreezeFactor	006e3590	00bc6298
MGCA_SetPowerUpInitialPeriod	006e3390	00bc6298
MGCA_SetPowerUpInstanceMax	006e3410	00bc6298
MGCA_SetPowerUpPeriod	006e33d0	00bc6298
MGCA_SetPowerUpSpeed	006e3350	00bc6298
MGCA_SetPowerUpSpeedBoostFactor	006e3560	00bc6298
MGCA_SetPowerUpTotalMax	006e3440	00bc6298
MGCA_SetSetPowerUpClearRadius	006e35c0	00bc6298
MGCA_SetTextureBank	006e3010	00bc6298
MGDartsGetTargetPoints	00701f30	00bc6af0
MGDartsGetTargetPos	00701ed0	00bc6af0
MGDartsIsAiming	00701ea0	00bc6af0
MGDartsRemoveProjectiles	00701fe0	00bc6af0
MGDartsSetDart	00701f80	00bc6af0
MGDartsSetGame	00701fc0	00bc6af0
MGDartsSetPoints	00701f50	00bc6af0
MGDartsStartAiming	00701e90	00bc6af0
MGDartsStopAiming	006fa3f0	00bc6af0
MGKeepUpsAddAction	007033a0	00bc6b5c
MGKeepUpsGetLastAction	00703460	00bc6b5c
MGKeepUpsSetFuncs	007034a0	00bc6b5c
MGKeepUpsSetSpeedScale	00703480	00bc6b5c
MGKeepUpsStartSeq	00703400	00bc6b5c
MGLockSetCombo	007046c0	00bc6c4c
Minigame2POutro	00824d30	00bc6ed8
MinigameAddCompletionMsg	00708de0	00bc6ed8
MinigameCreate	007088e0	00bc6ed8
MinigameDestroy	00708ae0	00bc6ed8
MinigameEnableHUD	00708c00	00bc6ed8
MinigameEnd	00708b60	00bc6ed8
MinigameGetErrandCompletion	00708f60	00bc6ed8
MinigameGetHighScore	00709160	00bc6ed8
MinigameHasTopScore	007091b0	00bc6ed8
MinigameHoldCompletion	00708ff0	00bc6ed8
MinigameIsActive	00708ba0	00bc6ed8
MinigameIsFadingCompletion	00708fd0	00bc6ed8
MinigameIsHighScore	00709030	00bc6ed8
MinigameIsReady	00708b80	00bc6ed8
MinigameIsShowingCompletion	00708f90	00bc6ed8
MinigameIsShowingGrades	00708ca0	00bc6ed8
MinigameIsSuccess	00708bd0	00bc6ed8
MinigameReleaseCompletion	00709000	00bc6ed8
MinigameSetAnnouncement	00709210	00bc6ed8
MinigameSetChapterCompletion	00708d50	00bc6ed8
MinigameSetCompletion	00708cc0	00bc6ed8
MinigameSetElapsedGameTime	00708c20	00bc6ed8
MinigameSetErrandCompletion	00708e20	00bc6ed8
MinigameSetGrades	00708c50	00bc6ed8
MinigameSetHighScoreFromASCII	007090e0	00bc6ed8
MinigameSetHighScoreFromID	00709070	00bc6ed8
MinigameSetPlayerNumber	00824d30	00bc6ed8
MinigameSetUberCompletion	00709010	00bc6ed8
MinigameStart	00708b20	00bc6ed8
MiniObjectiveGetIsComplete	005c12d0	00ae9f78
MiniObjectiveOnCompletedCallback	005c1260	00ae9f78
MiniObjectiveSetIsComplete	005c1280	00ae9f78
MissionActive	005bfd00	00ae9f78
MissionActiveSpecific	005bfd20	00ae9f78
MissionActiveSpecific2	005bfda0	00ae9f78
MissionAllowAmbientTransitions	005c0f10	00ae9f78
MissionAllowConcurrentMissions	005c0f30	00ae9f78
MissionAskUserToStart	005c11e0	00ae9f78
MissionAttemptCountInc	005c0520	00ae9f78
MissionClearDisablePedTypes	005c1010	00ae9f78
MissionDisablePedType	005c0fd0	00ae9f78
MissionDontFadeIn	005c0790	00ae9f78
MissionDontFadeInAfterCompetion	005c07b0	00ae9f78
MissionFail	005bff00	00ae9f78
MissionForceCompleted	005c0740	00ae9f78
MissionGetCurrentName	005bfea0	00ae9f78
MissionGetIndex	005bfe20	00ae9f78
MissionGetName	005bfe70	00ae9f78
MissionGetUserStartResponse	005c1210	00ae9f78
MissionInClass	005c0fb0	00ae9f78
MissionObjectiveAdd	005c1de0	00aea25c
MissionObjectiveComplete	005c1f30	00aea25c
MissionObjectiveReminderTime	005c1f90	00aea25c
MissionObjectiveRemove	005c1f60	00aea25c
MissionObjectiveUpdateParam	005c1e60	00aea25c
MissionOverrideArrestPoint	005c1020	00ae9f78
MissionOverrideKOPoint	005c10a0	00ae9f78
MissionPlayActionNode	005c07d0	00ae9f78
MissionResetRespawnOverrides	005c1120	00ae9f78
MissionSetAutoRestart	005c0e50	00ae9f78
MissionSetCompletedCount	00824d30	00ae9f78
MissionStartNextClass	005c0f70	00ae9f78
MissionStopActionController	005c0820	00ae9f78
MissionSucceed	005c0000	00ae9f78
MissionSuccessCountInc	005c04b0	00ae9f78
MissionSurpressMissionNameText	005c0e70	00ae9f78
MissionTimerGetTimeRemaining	005c2120	00aea28c
MissionTimerHasFinished	005c20d0	00aea28c
MissionTimerPause	005c2090	00aea28c
MissionTimerStart	005c1fb0	00aea28c
MissionTimerStartFixed	005c1ff0	00aea28c
MissionTimerStop	005c20c0	00aea28c
MissionUpdateActionController	005c0840	00ae9f78
ModelInfoPrintStats	00824d30	00ae9f78
ModelInfoResetStats	00824d30	00ae9f78
ModelNotNeeded	005c7040	00aea580
ModelNotNeededAmbient	005ce430	00aea580
MonitorSetGreyed	005bdce0	00ae9b90
MonitorSetText	005bdca0	00ae9b90
MusicAllowPlayDuringCutscenes	005d49a0	00aeb2b8
MusicFadeWithCamera	005d45e0	00aeb2b8
NewspaperAddDeliverdPaper	005c2210	00aea2c8
NewspaperGetMaxPapers	005c2220	00aea2c8
NewspaperGetNumDeliveredPapers	005c2240	00aea2c8
NewspaperMakeHUDVisible	005c2170	00aea2c8
NewspaperSetDeliveredPapers	005c21f0	00aea2c8
NewspaperSetMaxPapers	005c21d0	00aea2c8
NewspaperSetPaperVisible	005c21a0	00aea2c8
NewspaperThrowPaper	005c21c0	00aea2c8
NormalizedTimeOverride	005ba640	00ae96f8
NormalizedTimeOverrideSet	005ba660	00ae96f8
ObjectBreak	005c2330	00aea310
ObjectCreatePoint	005c36a0	00aea310
ObjectCreateXYZ	005c35f0	00aea310
ObjectDelete	005c2ac0	00aea310
ObjectDontCleanup	005c22c0	00aea310
ObjectFindInArea	005c3790	00aea310
ObjectGetModelIndex	005c22e0	00aea310
ObjectHashIDToPoolIndex	005c3350	00aea310
ObjectIsDestroyed	005c2fb0	00aea310
ObjectIsInAreaObject	005c2c10	00aea310
ObjectIsInAreaXYZ	005c2b00	00aea310
ObjectIsModel	005c2270	00aea310
ObjectMakeTargetable	005c2dd0	00aea310
ObjectNameToHashID	005c2390	00aea310
ObjectNumProjectileImpacts	005c2ed0	00aea310
ObjectPedNoTarget	005c2400	00aea310
ObjectRemovePickupsInTrigger	005c31b0	00aea310
ObjectToggleVulnerability	005c2e20	00aea310
ObjectTypeIsInTrigger	005c3020	00aea310
ObjectTypeSetPickupListOverride	005c33e0	00aea310
ObjTimerSetText	005bddb0	00ae9b90
PAnimApplyDamage	005c4d80	00aea3c8
PAnimAreaProps	005c4e50	00aea3c8
PAnimBreakLight	005c3db0	00aea3c8
PAnimClearWhenDoneRotation	005c51f0	00aea3c8
PAnimCloseDoor	005c4b80	00aea3c8
PAnimCreate	005c4680	00aea3c8
PAnimCreateSGTarget	00824d30	00aea3c8
PAnimDelete	005c4930	00aea3c8
PAnimDestroyedByPed	005c3950	00aea3c8
PAnimDoorStayOpen	005c4bb0	00aea3c8
PAnimEnableStreaming	005c56c0	00aea3c8
PAnimExists	005c48c0	00aea3c8
PAnimFollowPath	005c3b30	00aea3c8
PAnimFollowPathReset	005c3c00	00aea3c8
PAnimFollowPathSoundLoop	005c3e70	00aea3c8
PAnimForceCreate	005c5710	00aea3c8
PAnimForceDelete	005c5a20	00aea3c8
PAnimGetHealth	005c5560	00aea3c8
PAnimGetPathFollowSpeed	005c3ce0	00aea3c8
PAnimGetPoolIndex	005c5b50	00aea3c8
PAnimGetPosition	005c4370	00aea3c8
PAnimGetPropFlag	005c5610	00aea3c8
PAnimGetSocketXYZ	005c3ff0	00aea3c8
PAnimHideHealthBar	005c3a10	00aea3c8
PAnimIsDestroyed	005c49a0	00aea3c8
PAnimIsOpen	005c38b0	00aea3c8
PAnimIsPlaying	005c40c0	00aea3c8
PAnimIsPlayingNode	005c5220	00aea3c8
PAnimIsUsed	005c3860	00aea3c8
PAnimMakeTargetable	005c4e00	00aea3c8
PAnimMakeVisuallyTargetable	005c3af0	00aea3c8
PAnimModelNeeded	005c5af0	00aea3c8
PAnimNumDestroyed	005c49f0	00aea3c8
PAnimOpenDoor	005c4b20	00aea3c8
PAnimOpenDoorImmediate	005c4b50	00aea3c8
PAnimOpenDoors	005c5c50	00aea3c8
PAnimOverrideDamage	005c3a70	00aea3c8
PAnimOverrideMinDamage	005c3ab0	00aea3c8
PAnimRequest	005c4590	00aea3c8
PAnimReset	005c4be0	00aea3c8
PAnimResetAllDamageable	005c4c10	00aea3c8
PAnimRotate	005c5180	00aea3c8
PAnimSetActionNode	005c52a0	00aea3c8
PAnimSetAlpha	005c5680	00aea3c8
PAnimSetInvulnerable	005c4d00	00aea3c8
PAnimSetInvulnerableToPlayer	005c3900	00aea3c8
PAnimSetPathFollowSpeed	005c3c60	00aea3c8
PAnimSetPropFlag	005c55b0	00aea3c8
PAnimSetPulsateLight	005c5a60	00aea3c8
PAnimShowHealthBar	005c3f20	00aea3c8
PAnimStopFollowPath	005c3d50	00aea3c8
PAnimTypeSetPickupListOverride	005c5ab0	00aea3c8
PathGetLastNode	005bc600	00ae9b20
PauseGameClock	005ba600	00ae96f8
PauseSimulation	005ba680	00ae96f8
PedActionControllerUpdate	005ca160	00aea580
PedAddBroadcastStimulus	005c6dc0	00aea580
PedAddCover	005c6e80	00aea580
PedAddPedToIgnoreList	005cb6d0	00aea580
PedAllowCollisionResponse	005ce340	00aea580
PedAlwaysUpdateAnimation	005cbbd0	00aea580
PedApplyDamage	005cc1c0	00aea580
PedAreaClearOfPedsInXYZ	005c7180	00aea580
PedAttachEffect	005ced00	00aea580
PedAttack	005c9ca0	00aea580
PedAttackCar	005cdd50	00aea580
PedAttackNearestCar	005cdde0	00aea580
PedAttackPlayer	005d2620	00aeafa8
PedAttackProp	005cb130	00aea580
PedAttackPropOffset	005cb270	00aea580
PedAutoCover	005ce380	00aea580
PedBikeBrawl	005cf240	00aea580
PedCanSeeObject	005cafe0	00aea580
PedCanTeleportOnAreaTransition	005cd080	00aea580
PedCharacterTrigger	005c6660	00aea580
PedCharacterTriggerDelete	005c6660	00aea580
PedClearAllWeapons	005c9720	00aea580
PedClearAntiTether	005cc6e0	00aea580
PedClearFocus	005caa80	00aea580
PedClearGuard	005d0030	00aea580
PedClearHasAggressed	005ce040	00aea580
PedClearHitRecord	005cfde0	00aea580
PedClearObjective	005ca930	00aea580
PedClearObjectives	005ca8e0	00aea580
PedClearPOI	005cc070	00aea580
PedClearPOIForAllPeds	005cf630	00aea580
PedClearTether	005c9a30	00aea580
PedClearWeapon	005c95c0	00aea580
PedClimbLadder	005cd350	00aea580
PedClimbWall	005cd2a0	00aea580
PedCoverSet	005cbc70	00aea580
PedCoverSetFromProfile	005cbdd0	00aea580
PedCoverSetOnCoverCallback	005cbee0	00aea580
PedCreatePoint	005cf9d0	00aea580
PedCreatePointWithAdjustedHeading	005d04e0	00aea580
PedCreatePOIPoint	005d0610	00aea580
PedCreateStimulus	005cee20	00aea580
PedCreateXYZ	005cfb50	00aea580
PedDelete	005c75f0	00aea580
PedDeleteWeaponInventorySnapshot	005cf060	00aea580
PedDestroyWeapon	005c9630	00aea580
PedDetachAndKillEffect	005ced90	00aea580
PedDisableMoveOutOfWay	005cefb0	00aea580
PedDismissAllAllies	005cd680	00aea580
PedDismissAlly	005cd5d0	00aea580
PedDontCleanup	005ca020	00aea580
PedEnableGiftRequirement	005cf5d0	00aea580
PedEnterVehicle	005c8af0	00aea580
PedExitVehicle	005c8bb0	00aea580
PedFaceHeading	005c76b0	00aea580
PedFaceObject	005c77b0	00aea580
PedFaceObjectNow	005c78b0	00aea580
PedFaceXYZ	005c7720	00aea580
PedFindAmbientPedOfModelID	005c9b00	00aea580
PedFindInAreaObject	005d0a30	00aea580
PedFindInAreaXYZ	005d0960	00aea580
PedFindRandomPed	005c65b0	00aea580
PedFindRandomSpawnPosition	005cf450	00aea580
PedFlee	005ccff0	00aea580
PedFleeOnBikeGetNextNode	005c7b80	00aea580
PedFleeOnPathOnBike	005c7ab0	00aea580
PedFleeOnRoadOnBike	005c7be0	00aea580
PedFollowFocus	005c7a20	00aea580
PedFollowObject	005c80f0	00aea580
PedFollowPath	005cfbf0	00aea580
PedFreeFromTrigger	005c9a30	00aea580
PedGetAllyFollower	005cd890	00aea580
PedGetAllyLeader	005cd830	00aea580
PedGetAmmoCount	005ceca0	00aea580
PedGetDamageGivenMultiplier	005cf2a0	00aea580
PedGetDamageTakenMultiplier	005cf350	00aea580
PedGetEmotionTowardsPed	005cda70	00aea580
PedGetFaction	005cb5c0	00aea580
PedGetFlag	005cc110	00aea580
PedGetGrappleTargetPed	005cb670	00aea580
PedGetHeading	005cce30	00aea580
PedGetHeadPos	005cdf30	00aea580
PedGetHealth	005c8e20	00aea580
PedGetHitRecordDamage	005c9810	00aea580
PedGetImmortalFlag	005ce730	00aea580
PedGetLastHitWeapon	005cd500	00aea580
PedGetLastVehicle	005cea20	00aea580
PedGetMaxHealth	005c8d80	00aea580
PedGetMoney	005c9110	00aea580
PedGetName	005cef60	00aea580
PedGetNameHashID	005cef00	00aea580
PedGetNodeTime	005cb980	00aea580
PedGetOffsetInWorldCoords	005ce500	00aea580
PedGetPedCountWithModel	005cea80	00aea580
PedGetPedToTypeAttitude	005cb4d0	00aea580
PedGetPosXYZ	005c83d0	00aea580
PedGetRandomModelId	005c6540	00aea580
PedGetScenarioObjFlag	005ce680	00aea580
PedGetSpecial	005c9020	00aea580
PedGetTargetPed	005cb600	00aea580
PedGetTypeToTypeAttitude	005c6b80	00aea580
PedGetUniqueModelStatus	005cdef0	00aea580
PedGetVehicleWhoHitMeLast	005c8cf0	00aea580
PedGetWeapon	005ce070	00aea580
PedGetWhoHitMeLast	005c8c60	00aea580
PedGuardPed	005cffb0	00aea580
PedHasAggressed	005cdff0	00aea580
PedHasAlly	005cd730	00aea580
PedHasAllyFollower	005cd7e0	00aea580
PedHasAllyLeader	005cd790	00aea580
PedHasGeneratedStimulusOfType	005cbac0	00aea580
PedHasJustKilledPedOfType	005cba20	00aea580
PedHasPOI	005cbf90	00aea580
PedHasReceivedGift	005cdca0	00aea580
PedHasWeapon	005cd160	00aea580
PedHideHealthBar	005c6770	00aea580
PedIgnoreAttackCone	005cbc20	00aea580
PedIgnoreAttacks	005ca320	00aea580
PedIgnoreStimuli	005ca370	00aea580
PedInConversation	005ca2c0	00aea580
PedInRectangle	005ca3c0	00aea580
PedIsAlerted	005cca90	00aea580
PedIsAnimFlagSet	005c8870	00aea580
PedIsCurrentAnim	005c8830	00aea580
PedIsDead	005c8f30	00aea580
PedIsDoingTask	005cb8a0	00aea580
PedIsFacingObject	005c8980	00aea580
PedIsFacingXYZ	005c88c0	00aea580
PedIsFemale	005cebf0	00aea580
PedIsHit	005c8a40	00aea580
PedIsInAnyVehicle	005c87d0	00aea580
PedIsInAreaObject	005c85d0	00aea580
PedIsInAreaXYZ	005c84a0	00aea580
PedIsInCombat	005cdce0	00aea580
PedIsInTrigger	005c9930	00aea580
PedIsInVehicle	005c8750	00aea580
PedIsModel	005c92a0	00aea580
PedIsOnScreen	005c9340	00aea580
PedIsOnVehicle	005c8c10	00aea580
PedIsPedInBox	005cf110	00aea580
PedIsPlayer	005c98c0	00aea580
PedIsPlaying	005cb830	00aea580
PedIsPropAttached	005ce0e0	00aea580
PedIsSocializing	005cd9b0	00aea580
PedIsSpotted	005ce1e0	00aea580
PedIsStandingOnVehicle	005ccf50	00aea580
PedIsTargetable	005ceaf0	00aea580
PedIsUsingProp	005cec50	00aea580
PedIsValid	005c9860	00aea580
PedIsWantingToSocialize	005cda10	00aea580
PedJoinCombatZone	005ce920	00aea580
PedJump	005cd1d0	00aea580
PedLeaveCombatZone	005ce9e0	00aea580
PedLockTarget	005cb060	00aea580
PedMakeAmbient	005ca850	00aea580
PedMakeAmbientKeepResources	005ca870	00aea580
PedMakeMissionChar	005ca890	00aea580
PedMakeTargetable	005ca980	00aea580
PedMePlaying	005cb910	00aea580
PedModelCreateGiftRequirement	005c0d40	00ae9f78
PedModelNotNeededAmbient	005ce470	00aea580
PedMoveToObject	005c7fe0	00aea580
PedMoveToPoint	005c7df0	00aea580
PedMoveToXYZ	005c7c90	00aea580
PedOnBikePathSmoothing	005cd970	00aea580
PedOverrideActionTreeReference	005c6920	00aea580
PedOverrideSocialResponseToStimulus	005caef0	00aea580
PedOverrideStat	005c9070	00aea580
PedPassBall	005c9e80	00aea580
PedPathNodeReachedDistance	005cd930	00aea580
PedPickup	005ccd60	00aea580
PedPlayCatch	005c9de0	00aea580
PedPlayHitReaction	005cc270	00aea580
PedPutOnBike	005d0260	00aea580
PedReceiveBall	005c9f20	00aea580
PedRecruitAlly	005cd550	00aea580
PedRegisterSocialCallback	005caf40	00aea580
PedRemoveBroadcastStimulus	005c6e20	00aea580
PedRemoveCurrentObjective	005cb440	00aea580
PedRemovePedFromIgnoreList	005cb730	00aea580
PedRemoveStimulus	005cbb50	00aea580
PedRequestModel	005c6320	00aea580
PedResetAttitudes	005cb540	00aea580
PedResetTypeAttitudesToDefault	005c6b70	00aea580
PedRestoreNumCombatants	005cb9c0	00aea580
PedRestoreWeaponInventorySnapshot	005cf030	00aea580
PedRestrictToTrigger	005c99e0	00aea580
PedResumePath	005cfd80	00aea580
PedRooftopAttacker	005ce250	00aea580
PedSaveWeaponInventorySnapshot	005cf000	00aea580
PedSetActionNode	005ca0d0	00aea580
PedSetActionTree	005cac20	00aea580
PedSetAIButes	005c6c20	00aea580
PedSetAITree	005caac0	00aea580
PedSetAllyAutoEngage	005cd6b0	00aea580
PedSetAllyBehaviour	005cd8f0	00aea580
PedSetAllyJump	005cd6f0	00aea580
PedSetAlpha	005cbf30	00aea580
PedSetAlwaysStrafe	005cd120	00aea580
PedSetAnim	005ca020	00aea580
PedSetAntiTetherToPed	005cc8a0	00aea580
PedSetAntiTetherToPoint	005cc790	00aea580
PedSetAntiTetherToProp	005cc920	00aea580
PedSetAntiTetherToTrigger	005cc9a0	00aea580
PedSetAntiTetherToXYZ	005cc720	00aea580
PedSetAsleep	005caa30	00aea580
PedSetCheap	005ce2b0	00aea580
PedSetCheering	005c9250	00aea580
PedSetCombatZoneMask	005cd0c0	00aea580
PedSetControllerID	005c9fc0	00aea580
PedSetDamageGivenMultiplier	005cf300	00aea580
PedSetDamageTakenMultiplier	005cf3b0	00aea580
PedSetDefaultTypeToTypeAttitude	005c6b30	00aea580
PedSetEffectedByGravity	005cd420	00aea580
PedSetEmotionTowardsPed	005cdae0	00aea580
PedSetEntityFlag	005cc170	00aea580
PedSetFaction	005cb570	00aea580
PedSetFightingSystem	005ca590	00aea580
PedSetFlag	005cc0b0	00aea580
PedSetFocus	005ca9d0	00aea580
PedSetGlobalAttitude_IgnoreTruants	005c6c00	00aea580
PedSetGlobalAttitude_Rumble	005c6bd0	00aea580
PedSetGlobalSleep	005c6e40	00aea580
PedSetGrappleTarget	005ce8b0	00aea580
PedSetHealth	005c8e80	00aea580
PedSetHealthBarQuiet	005c67c0	00aea580
PedSetHitRecordDamage	005c97c0	00aea580
PedSetImmortalFlag	005ce6e0	00aea580
PedSetInfiniteSprint	005cde60	00aea580
PedSetInvulnerable	005c9160	00aea580
PedSetInvulnerableToPlayer	005c9200	00aea580
PedSetIsStealthMissionPed	005d0110	00aea580
PedSetMaxHealth	005c8de0	00aea580
PedSetMinEngage	005cb790	00aea580
PedSetMinHealth	005c8ef0	00aea580
PedSetMissionCritical	005cca10	00aea580
PedSetMoney	005c90c0	00aea580
PedSetNoDamageNextFall	005cf400	00aea580
PedSetNumCombatants	005cb7d0	00aea580
PedSetObjectiveRemovedCallback	005ce4b0	00aea580
PedSetPedToTypeAttitude	005cb480	00aea580
PedSetPOI	005cbff0	00aea580
PedSetPosPoint	005c82c0	00aea580
PedSetPosXYZ	005c8250	00aea580
PedSetProjDest	005cd470	00aea580
PedSetProjectileLifetime	005ccc80	00aea580
PedSetPunishmentPoints	005ccdf0	00aea580
PedSetRemoveOwnedProj	005c91b0	00aea580
PedSetRequiredGift	005cdc20	00aea580
PedSetScenarioObjFlag	005ce630	00aea580
PedSetSeasonalModels	005c7070	00aea580
PedSetSocialSubtitlesEnable	005c6e60	00aea580
PedSetSpecial	005c8fe0	00aea580
PedSetSpecialRate	005c8f90	00aea580
PedSetStationary	005c7950	00aea580
PedSetStatsType	005caba0	00aea580
PedSetStealthBehavior	005d0160	00aea580
PedSetStealthVisionHeight	005cdfb0	00aea580
PedSetTaskNode	005ca050	00aea580
PedSetTetherMoveToCenter	005cc640	00aea580
PedSetTetherMoveToTarget	005cc5f0	00aea580
PedSetTetherSpeed	005cc690	00aea580
PedSetTetherToPed	005cc480	00aea580
PedSetTetherToPoint	005cc370	00aea580
PedSetTetherToProp	005cc500	00aea580
PedSetTetherToTrigger	005cc580	00aea580
PedSetTetherToXYZ	005cc300	00aea580
PedSetTypeToTypeAttitude	005c6af0	00aea580
PedSetUniqueModelStatus	005cdeb0	00aea580
PedSetUsesCollisionScripted	005ce2f0	00aea580
PedSetWantsToSocializeWithPed	005cdb70	00aea580
PedSetWeapon	005c9390	00aea580
PedSetWeaponFlag	005cf090	00aea580
PedSetWeaponNow	005c9500	00aea580
PedSetWorldAnchor	005c81a0	00aea580
PedShowHealthBar	005ca5d0	00aea580
PedShowHealthBarInFPmode	005c67a0	00aea580
PedSocialKeepAlive	005cafa0	00aea580
PedSocialOverrideLoad	005c6a20	00aea580
PedSpawnRandomPed	005c7090	00aea580
PedStartConversation	005ca1b0	00aea580
PedStop	005c7630	00aea580
PedStopSocializing	005cdbf0	00aea580
PedSwapModel	005c9a70	00aea580
PedTargetPAnim	005cfe50	00aea580
PedTargetVehicle	005cce80	00aea580
PedUseProp	005ce790	00aea580
PedUseSocialOverride	005caea0	00aea580
PedWander	005c7990	00aea580
PedWarpIntoCar	005cccd0	00aea580
PedWarpOutOfCar	005ccd30	00aea580
PhotoGetEntityNext	005c1850	00ae9f78
PhotoGetEntityStart	005c1820	00ae9f78
PhotoHasBeenTaken	005c0a50	00ae9f78
PhotoIsSetValid	005c0b40	00ae9f78
PhotoSetValid	005c0ac0	00ae9f78
PhotoShowExitString	005c0aa0	00ae9f78
PhotoTargetInFrame	005c16c0	00ae9f78
PickupCreateFromPed	005d0cc0	00aeaf38
PickupCreatePoint	005d1000	00aeaf38
PickupCreateXYZ	005d0b90	00aeaf38
PickupDelete	005d0d60	00aeaf38
PickupDestroyTypeInAreaXYZ	005d1180	00aeaf38
PickupFindInArea	005d0e20	00aeaf38
PickupGetXYZ	005d0c70	00aeaf38
PickupIsInAreaXYZ	005d0db0	00aeaf38
PickupIsPickedUp	005d0fb0	00aeaf38
PickupMakeTargetable	005d0e00	00aeaf38
PickupRemoveAll	005d1250	00aeaf38
PickupRequestModel	005d0ef0	00aeaf38
PickupSetIgnoreRespawnDistance	005d0f90	00aeaf38
PlayerActivateCombatSphere	005d1850	00aeafa8
PlayerAddMoney	005d19f0	00aeafa8
PlayerChangePhysicalState	005d1ea0	00aeafa8
PlayerClearLastVehicle	005d2130	00aeafa8
PlayerClearRewardStore	005d20e0	00aeafa8
PlayerCreateXYZ	005d2b80	00aeafa8
PlayerDetachFromVehicle	005d16f0	00aeafa8
PlayerDismountBike	005d1760	00aeafa8
PlayerDoneLoading	005d2170	00aeafa8
PlayerFaceHeading	005d25b0	00aeafa8
PlayerFaceHeadingNow	005c7360	00aea580
PlayerFellAsleep	005d1e60	00aeafa8
PlayerFixToBackOfVehicle	005d2700	00aeafa8
PlayerGetBikeId	005d1b00	00aeafa8
PlayerGetHealth	005d17a0	00aeafa8
PlayerGetLastBikeId	005d1b40	00aeafa8
PlayerGetMoney	005d1a40	00aeafa8
PlayerGetNumberOfItemsAllowed	005d2b00	00aeafa8
PlayerGetNumTimesBusted	005d1cf0	00aeafa8
PlayerGetPedIndex	005d5260	00aeafa8
PlayerGetPhysicalState	005d1ee0	00aeafa8
PlayerGetPosXYZ	005d2510	00aeafa8
PlayerGetPunishmentPoints	005d1c40	00aeafa8
PlayerGetScriptSavedData	005d1de0	00aeafa8
PlayerHasItem	005be1c0	00ae9d40
PlayerHasSpace	00824d30	00ae9d40
PlayerHasUnlockedUpgrade	005d1fb0	00aeafa8
PlayerHasWeapon	005d1d70	00aeafa8
PlayerIgnoreTargeting	005d1d50	00aeafa8
PlayerIncPunishmentPoints	005d1cc0	00aeafa8
PlayerIsInAnyVehicle	005d16b0	00aeafa8
PlayerIsInAreaObject	005d14f0	00aeafa8
PlayerIsInAreaXYZ	005d13f0	00aeafa8
PlayerIsInStealthProp	005d1f20	00aeafa8
PlayerIsInTrigger	005d2a30	00aeafa8
PlayerIsInVehicle	005d1640	00aeafa8
PlayerKilled	005d1e40	00aeafa8
PlayerLockButtonInputsExcept	005d1bb0	00aeafa8
PlayerPutOnBike	005d2c60	00aeafa8
PlayerRecordAttackTime	005d2910	00aeafa8
PlayerRefreshPhysicalState	005d1f10	00aeafa8
PlayerRegisterSocialCallbackVsPed	005d28b0	00aeafa8
PlayerResetPhysicalState	005d1f00	00aeafa8
PlayerScalePunishmentPoints	005d1c90	00aeafa8
PlayerSetClassSkipCount	005d1ac0	00aeafa8
PlayerSetControl	005d12f0	00aeafa8
PlayerSetEnableFirstPerson	005d1ae0	00aeafa8
PlayerSetGrade	005d1e10	00aeafa8
PlayerSetHealth	005d17d0	00aeafa8
PlayerSetHighRisk	005d1a90	00aeafa8
PlayerSetInvulnerable	005d1810	00aeafa8
PlayerSetMinPunishmentPoints	005d1f40	00aeafa8
PlayerSetMoney	005d1a60	00aeafa8
PlayerSetPosPoint	005d2310	00aeafa8
PlayerSetPosPointArea	005d2410	00aeafa8
PlayerSetPosSimple	005d2bd0	00aeafa8
PlayerSetPosXYZ	005d1280	00aeafa8
PlayerSetPosXYZArea	005d2250	00aeafa8
PlayerSetPunishmentPoints	005d1c60	00aeafa8
PlayerSetScriptSavedData	005d1db0	00aeafa8
PlayerSetTakeDamageWhenAttachedToVehicle	005d1880	00aeafa8
PlayerSetWeapon	005d18c0	00aeafa8
PlayerSocialDisableActionAgainstPed	005d2860	00aeafa8
PlayerSocialEnableOverrideAgainstPed	005d2810	00aeafa8
PlayerSocialOverrideLoad	005d2010	00aeafa8
PlayerStopAllActionControllers	005d13a0	00aeafa8
PlayerSuppressFailDisplayOnDeath	005d2120	00aeafa8
PlayerSwapModel	005d1970	00aeafa8
PlayerUnequip	005be400	00ae9d40
PlayerUnlockUpgrade	005d1f70	00aeafa8
PlayerWeaponHudLock	005d1b80	00aeafa8
POIClearForPeds	005d2eb0	00aeb200
POIGetPosXYZ	005d2e10	00aeb200
POIGroupsEnabled	005d2da0	00aeb200
POIIsValid	005d2f30	00aeb200
POISetDisablePedProduction	005d2dd0	00aeb200
POISetScriptedPedExitObjective	005d2d40	00aeb200
POISetSystemEnabled	005d2d80	00aeb200
print	00824d30	00ae9918
printfor	00824d30	00ae9918
PunishersRespondToPlayerOnly	005bf910	00ae9da8
RaceAddBarrier	00713b10	00bc7068
RaceAddBoostPoint	00713c00	00bc7068
RaceAddJumpNode	00713aa0	00bc7068
RaceAddJumpPath	007139d0	00bc7068
RaceAddNodeToBottleneck	00713a70	00bc7068
RaceAddNodeToHighlight	00713a40	00bc7068
RaceAddRacer	007135b0	00bc7068
RaceAddShortcutPath	00713960	00bc7068
RaceCleanUpRace	00713750	00bc7068
RaceClearResults	00713b00	00bc7068
RaceDestroyTransition	00713bd0	00bc7068
RaceDisplayTransition	00713b80	00bc7068
RaceGetDuration	00713870	00bc7068
RaceGetIdOfRacerInPosition	00713cd0	00bc7068
RaceGetPositionInRaceOfRacer	007138a0	00bc7068
RaceGetRacerLapNum	00713810	00bc7068
RaceGetRacerRaceTime	00713900	00bc7068
RaceHasFinished	00713760	00bc7068
RaceHasRacerFinished	007137a0	00bc7068
RaceHUDVisible	00713ad0	00bc7068
RaceIsTransitionDisplayed	00713be0	00bc7068
RaceOverridePlayerPos	00713c40	00bc7068
RaceRemoveRacer	007135f0	00bc7068
RaceSetArcade	00713ca0	00bc7068
RaceSetRacerStats	00713630	00bc7068
RaceSetupRace	00713550	00bc7068
RaceShowFinishPointOnly	00713cb0	00bc7068
RaceStartRace	00713730	00bc7068
RadarBusBlipSetVisible	005b83e0	00ae9418
RadarHidePlayerBlip	005bdc80	00ae9b90
RadarLockOnFloor	005bdbb0	00ae9b90
RadarLockOnPoint	005bdbe0	00ae9b90
RadarReleaseLock	005bdc60	00ae9b90
RadarRestoreMinMax	005b8370	00ae9418
RadarSetIndoorRange	005b8350	00ae9418
RadarSetMinMax	005b8300	00ae9418
RadarSetVisibility	005b8260	00ae9418
ReadyToLoad	005d52a0	00aeb5c8
RegisterAsGirlfriend	005bf930	00ae9da8
RegisterCallbackOnBusted	005bf670	00ae9da8
RegisterCallbackOnYearbookPhoto	005bf720	00ae9da8
RegisterGlobalEventHandler	005bbcf0	00ae9a28
RegisterHashEventHandler	005bbd80	00ae9a28
RegisterPedEventHandler	005bbdf0	00ae9a28
RegisterPropEventHandler	005bc0a0	00ae9a28
RegisterTriggerEventHandler	005bbfa0	00ae9a28
RemoveArrestRestartPoint	005bed70	00ae9da8
RemoveKORestartPoint	005be8e0	00ae9da8
RemovePlayerItem	005be240	00ae9d40
RequestActionTree	005bf460	00ae9da8
RequestAnimGroup	005bf690	00ae9da8
RequestModel	005c61e0	00aea580
ResetGiftRequirements	005c0e20	00ae9f78
ResetYearbookPhotos	005bf740	00ae9da8
ResolveActionTreeReferences	00824d30	00aea580
ReturnFromMPGame	00824d30	00aeb5c8
SetAmbientPedsIgnoreStimuli	005bb2b0	00ae9890
SetArrestRestartPointCameraPos	005be970	00ae9da8
SetAsleepRestartPointCameraPos	005be9d0	00ae9da8
SetBBallCollisionCallback	005c2310	00aea310
SetClipRange	005d5a30	00aeb6a8
SetCurrentDay	005c0c40	00ae9f78
SetDefaultArrestPoint	005bf050	00ae9da8
SetDefaultArrestRestartCameraPos	005bea60	00ae9da8
SetDefaultAsleepPoint	005bf1a0	00ae9da8
SetDefaultAsleepRestartCameraPos	005bea90	00ae9da8
SetDefaultKOPoint	005bef00	00ae9da8
SetDefaultKORestartCameraPos	005bea30	00ae9da8
SetFactionRespect	005c1130	00ae9f78
SetGeneralHealthBar	005c6830	00aea580
SetKORestartPointCameraPos	005be910	00ae9da8
SetMissionSuccessCount	005c03d0	00ae9f78
SetNumberOfHandledHashEventObjects	005bbe70	00ae9a28
SetNumberOfHandledPedEventObjects	005bbf60	00ae9a28
SetNumberOfHandledPropEventObjects	005bbf20	00ae9a28
SetNumberOfHandledTriggerEventObjects	005bbeb0	00ae9a28
SetPlayer1Win	00824d30	00aeb5c8
SetPlayer2Win	00824d30	00aeb5c8
SetPopulationFastCulling	005bfa20	00ae9da8
SetScreenFadeValue	005bdd20	00ae9b90
SetupPedObject	005c1a40	00ae9f78
SetWeaponLOD	005c1a00	00ae9f78
ShopAddItem	005d31c0	00aeb240
ShopEnd	005d32e0	00aeb240
ShopGetClerkID	005d3340	00aeb240
ShopIsActive	005d32f0	00aeb240
ShopSetCameraAngleOffset	005d33b0	00aeb240
ShopSetCameraPos	005d30e0	00aeb240
ShopSetCameraZoomPercentage	005d3390	00aeb240
ShopSetConversationTree	005d3130	00aeb240
ShopSetIsPlayerInShop	005d3370	00aeb240
ShopSetOnStopShoppingCB	005d3310	00aeb240
ShopSetPlayerPos	005d3060	00aeb240
ShopSetShopKeepInfo	005d2fd0	00aeb240
ShopStart	005d32a0	00aeb240
ShowGeneralHealthBar	005ca710	00aea580
SoccerPAllowAim	00824d30	00bc7170
SoccerPGetHitPos	00715b00	00bc7170
SoccerPGetHitTarget	00715b80	00bc7170
SoccerPSetBallsToKick	00715bb0	00bc7170
SoccerPSetGoalArea	00715ca0	00bc7170
SoccerPSetHealthBarPosition	00715bd0	00bc7170
SoccerPSetMeterSpeed	00715ab0	00bc7170
SoccerPSetPed	00715e90	00bc7170
SoccerPSetPedsHealthBar	00715c50	00bc7170
SoccerPSetProjectile	00715e40	00bc7170
SoccerPSetTarget	00715d50	00bc7170
SoccerPSetTargetCount	00715a70	00bc7170
SoccerPStartAiming	00715a50	00bc7170
SoccerPStopAiming	00715a60	00bc7170
SoundAddSpeechPriorityFilter	005d3570	00aeb2b8
SoundBoxingCrowdSoundKill	005d4650	00aeb2b8
SoundBoxingCrowdSoundPlayBoo	005d4680	00aeb2b8
SoundBoxingCrowdSoundPlayCheer	005d4690	00aeb2b8
SoundBoxingCrowdSoundSetExcitementLevel	005d4660	00aeb2b8
SoundBoxingCrowdSoundStart	005d4640	00aeb2b8
SoundCancelConversation	005d49c0	00aeb2b8
SoundClearScriptedAmbience	005d35e0	00aeb2b8
SoundClearSpeechFilter	005d3560	00aeb2b8
SoundContinue	005d36d0	00aeb2b8
SoundDisableSpeech	005d3650	00aeb2b8
SoundDisableSpeech_ActionTree	005d3670	00aeb2b8
SoundEmitterEnable	005d34e0	00aeb2b8
SoundEmitterStart	005d33d0	00aeb2b8
SoundEmitterStop	005d3470	00aeb2b8
SoundEnableInteractiveMusic	005d46c0	00aeb2b8
SoundEnableSpeech	005d3660	00aeb2b8
SoundEnableSpeech_ActionTree	005d3690	00aeb2b8
SoundFadeoutAmbience	005d44d0	00aeb2b8
SoundFadeoutStream	005d44a0	00aeb2b8
SoundFadeWithCamera	005d45a0	00aeb2b8
SoundInitScreamer	005d36b0	00aeb2b8
SoundIsPreloadReady	005d3cc0	00aeb2b8
SoundIsSpeechPreloaded	005d39e0	00aeb2b8
SoundLoadBank	005d35f0	00aeb2b8
SoundLoopPlay2D	005d3d50	00aeb2b8
SoundLoopPlay3D	005d3da0	00aeb2b8
SoundLoopPlayOnPed	005d3f10	00aeb2b8
SoundLoopPlayOnProp	005d3e70	00aeb2b8
SoundLoopStop3D	005d3e40	00aeb2b8
SoundMakeEverythingCloser	005d4980	00aeb2b8
SoundMusicJimmyComeToTheOfficePA	005d3520	00aeb2b8
SoundPause	005d36c0	00aeb2b8
SoundPlay2D	005d3d00	00aeb2b8
SoundPlay3D	005d3fb0	00aeb2b8
SoundPlay3DIgnoreFade	005d4090	00aeb2b8
SoundPlayAmbience	005d4270	00aeb2b8
SoundPlayAmbientSpeechEvent	005d36e0	00aeb2b8
SoundPlayInteractiveStream	005d42f0	00aeb2b8
SoundPlayInteractiveStreamLocked	005d4360	00aeb2b8
SoundPlayMissionEndMusic	005d46f0	00aeb2b8
SoundPlayPreloadedSpeech	005d39d0	00aeb2b8
SoundPlayPreloadedStream	005d3cb0	00aeb2b8
SoundPlayScriptedSpeechEvent	005d37b0	00aeb2b8
SoundPlayScriptedSpeechEvent_2D	005d3910	00aeb2b8
SoundPlayStream	005d41f0	00aeb2b8
SoundPlayStreamNoLoop	005d4170	00aeb2b8
SoundPreloadSpeech	005d4a20	00aeb2b8
SoundPreloadStream	005d3c50	00aeb2b8
SoundPreloadStreamNoLoop	005d3bf0	00aeb2b8
SoundRemoveAllQueuedSpeech	005d3b50	00aeb2b8
SoundRemoveSpeechPriorityFilter	005d3570	00aeb2b8
SoundRestartAmbiences	005d4520	00aeb2b8
SoundRestartPA	005d4550	00aeb2b8
SoundSetAudioFocusCamera	005d4580	00aeb2b8
SoundSetAudioFocusPlayer	005d4560	00aeb2b8
SoundSetCurrentGoKartRace	005d46a0	00aeb2b8
SoundSetHighIntensityStream	005d4420	00aeb2b8
SoundSetMidIntensityStream	005d43d0	00aeb2b8
SoundSetScriptedAmbience	005d3590	00aeb2b8
SoundSetSpeechConversation	00824d30	00aeb2b8
SoundSetSpeechPriorityFilter	005d3570	00aeb2b8
SoundSpeechPlaying	005d3a50	00aeb2b8
SoundStartFireAlarm	005d3bd0	00aeb2b8
SoundStopAmbiences	005d4500	00aeb2b8
SoundStopCurrentSpeechEvent	005d3a00	00aeb2b8
SoundStopFireAlarm	005d3be0	00aeb2b8
SoundStopInteractiveStream	005d4480	00aeb2b8
SoundStopPA	005d4540	00aeb2b8
SoundStopStream	005d4470	00aeb2b8
SoundUnLoadBank	005d3620	00aeb2b8
SpawnerClearOverrideActiveSetting	005d4c10	00aeb510
SpawnerSetActiveWithinRadius	005d4c40	00aeb510
SpawnerSetOverrideActiveSetting	005d4bc0	00aeb510
SplashScreenDisable	005bdda0	00ae9b90
SplashScreenDisplay	005bdd60	00ae9b90
StartCutscene	005bb150	00ae9890
StartMission	005c00d0	00ae9f78
StartVibration	005bdab0	00ae9b90
StatAddToFloat	005d4e20	00aeb530
StatAddToInt	005d4de0	00aeb530
StatGetAsFloat	005d4ea0	00aeb530
StatGetAsInt	005d4e70	00aeb530
StatGetGameCompletion	005d5020	00aeb530
StatGetNumLayoutItems	005d4fd0	00aeb530
StatGetPrincipalDiffAsFloat	005d4f80	00aeb530
StatGetPrincipalDiffAsInt	005d4f50	00aeb530
StatLayoutAddGroup	005d4ee0	00aeb530
StatLayoutAddHeading	005d4f00	00aeb530
StatLayoutAddStat	005d4f20	00aeb530
StatResetAll	005d5010	00aeb530
StatSetAsFloat	005d4da0	00aeb530
StatSetAsInt	005d4d70	00aeb530
StatSetIsTrackingEnabled	005d4ff0	00aeb530
StatUpdatePrincipalStats	005d4fc0	00aeb530
StopAmbientPedAttacks	005bb310	00ae9890
StopCutscene	005bb160	00ae9890
StopPedProduction	005bfa00	00ae9da8
StopVibration	005bdb60	00ae9b90
StreamedScriptHasLoaded	005bf580	00ae9da8
StreamedScriptLaunch	005bf5d0	00ae9da8
StreamedScriptRemove	00824d30	00ae9da8
StreamedScriptRequest	005bf540	00ae9da8
StreamedScriptTerminate	005bf630	00ae9da8
StruggleButtonSetButton	005bd4b0	00ae9b90
StruggleButtonSetDisplay	005bd4e0	00ae9b90
StruggleButtonSetText	005bd480	00ae9b90
SystemAllowMissionManagerToForceRunMissions	005d5110	00aeb5c8
SystemBustedAreaTransitionHandled	005d51d0	00aeb5c8
SystemEnableFrontEndAndSelectScreens	005d51e0	00aeb5c8
SystemGetSavedPositionInformation	005d5080	00aeb5c8
SystemIsReady	005d52b0	00aeb5c8
SystemMarkCollisionForExclusion	005d5160	00aeb5c8
SystemResetShouldMovePlayer	005d5070	00aeb5c8
SystemShouldEndScript	005d5120	00aeb5c8
SystemShouldMovePlayer	005d5040	00aeb5c8
TaggingOnlyShowMissionTags	005d5350	00aeb674
TaggingPedHasJustFinished	005d52d0	00aeb674
TaggingSetTVsState	005d5370	00aeb674
TaggingStartPersistentTag	005d5390	00aeb674
TaggingStopPersistentTag	005d53a0	00aeb674
TattooStoreAdd	005ba840	00ae9778
TattooStoreRegisterFeedbackCallback	005ba8e0	00ae9778
TerminateCurrentScript	005bf370	00ae9da8
TerminateThread	005bf330	00ae9da8
TextAddNonLocalizedString	005d5870	00aeb6a8
TextAddParamNum	005d57d0	00aeb6a8
TextAddParamString	005d5820	00aeb6a8
TextClear	005d58c0	00aeb6a8
TextPrint	005d57c0	00aeb6a8
TextPrintBig	005d5460	00aeb6a8
TextPrintF	005d57c0	00aeb6a8
TextPrintString	005d5680	00aeb6a8
ThreadYield	005be480	00ae9da8
ToggleHUDComponentFlashing	005be010	00ae9b90
ToggleHUDComponentLocked	005bd560	00ae9b90
ToggleHUDComponentVisibility	005bd500	00ae9b90
TutorialRemoveMessage	005d5c50	00aeb748
TutorialShowMessage	005d5bd0	00aeb748
TutorialStart	005d5b40	00aeb748
TutorialStop	005d5b90	00aeb748
UnLoadAnimationGroup	005c0920	00ae9f78
UnLoadBranch	005cad50	00aea580
UnloadFontStyle	005d5a90	00aeb6a8
UnlockYearbookPicture	005bf990	00ae9da8
UnpauseGameClock	005ba610	00ae96f8
UnpauseSimulation	005ba6e0	00ae96f8
VehicleBikeForceBoundingSphereUpdate	005d71f0	00aeb770
VehicleBikeGeneratorToggle	005d5f60	00aeb770
VehicleCreateCarGenerator	005d5e80	00aeb770
VehicleCreatePoint	005d7a00	00aeb770
VehicleCreateXYZ	005d7ce0	00aeb770
VehicleDelete	005d6290	00aeb770
VehicleDontCleanup	005d6350	00aeb770
VehicleEnableEngine	005d6ff0	00aeb770
VehicleEnableSiren	005d6d80	00aeb770
VehicleFaceHeading	005d6710	00aeb770
VehicleFindInAreaXYZ	005d7b90	00aeb770
VehicleFindRandomSpawnPosition	005d7250	00aeb770
VehicleFollowEntity	005d6ca0	00aeb770
VehicleFollowPath	005d64b0	00aeb770
VehicleFromDriver	005d7b20	00aeb770
VehicleGetHealth	005d7040	00aeb770
VehicleGetModelId	005d6a40	00aeb770
VehicleGetPosXYZ	005d6590	00aeb770
VehicleIsInAreaXYZ	005d5d10	00aeb770
VehicleIsInTrigger	005d6630	00aeb770
VehicleIsModel	005d69e0	00aeb770
VehicleIsValid	005d6ea0	00aeb770
VehicleMakeAmbient	005d67f0	00aeb770
VehicleModelNotNeededAmbient	005d6300	00aeb770
VehicleMoveToXYZ	005d63b0	00aeb770
VehicleOverrideAmbient	005d5e20	00aeb770
VehicleOverrideAmbientCruiseSpeed	005d5ce0	00aeb770
VehicleRequestModel	005d5c60	00aeb770
VehicleRevertToDefaultAmbient	005d5e70	00aeb770
VehicleSetAccelerationMult	005d6b00	00aeb770
VehicleSetColor	005d6de0	00aeb770
VehicleSetColours	005d6790	00aeb770
VehicleSetCruiseSpeed	005d6540	00aeb770
VehicleSetDrivingMode	005d6bb0	00aeb770
VehicleSetEntityFlag	005d7190	00aeb770
VehicleSetMission	005d6c00	00aeb770
VehicleSetNISSafe	005d7130	00aeb770
VehicleSetOwner	005d6a90	00aeb770
VehicleSetPosPoint	005d74e0	00aeb770
VehicleSetPosXYZ	005d6060	00aeb770
VehicleSetStatic	005d7090	00aeb770
VehicleSetStatus	005d6c50	00aeb770
VehicleSirenAllwaysOn	005d6e40	00aeb770
VehicleStop	005d66c0	00aeb770
Wait	005bfa70	00ae9da8
WeaponEquipped	005be410	00ae9d40
WeaponGetType	005c63d0	00aea580
WeaponRequestModel	005c6340	00aea580
WeaponSetRangeMultiplier	005c0ea0	00ae9f78
WeatherForceSnow	005ba5c0	00ae96f8
WeatherGet	005ba5e0	00ae96f8
WeatherRelease	005ba550	00ae96f8
WeatherSet	005ba570	00ae96f8
YearbookIsFull	005bf7c0	00ae9da8
